This file contains any messages produced by compilers while
running configure, to aid debugging if configure makes a mistake.

It was created by lynx configure 2.9.3, which was
generated by GNU Autoconf 2.52.20260412.  Invocation command line was

  $ ./configure --with-screen=ncurses --enable-gopher --enable-nested-tables --enable-default-colors --enable-color-style --with-ssl

## ---------- ##
## Platform.  ##
## ---------- ##

hostname = devbox
uname -m = x86_64
uname -r = 6.8.0
uname -s = Linux
uname -v = #1 SMP PREEMPT_DYNAMIC Fri Feb 20 20:38:43 UTC 2026

/usr/bin/uname -p = x86_64
/bin/uname -X     = unknown

/bin/arch              = x86_64
/usr/bin/arch -k       = unknown
/usr/convex/getsysinfo = unknown
hostinfo               = unknown
/bin/machine           = unknown
/usr/bin/oslevel       = unknown
/bin/universe          = unknown

PATH = /home/jules/.nvm/versions/node/v22.22.1/bin:/home/jules/.pyenv/shims:/home/jules/.pyenv/bin:/home/jules/.local/bin:/opt/flutter/bin:/usr/lib/dotnet:/opt/android-sdk/cmdline-tools/latest/bin:/opt/android-sdk/platform-tools:/go/bin:/usr/local/go/bin:/usr/share/gradle/bin:/usr/share/maven/bin:/home/jules/.local/bin:/home/jules/.cargo/bin:/usr/local/bun/bin:/usr/local/sbin:/usr/local/bin:/usr/sbin:/usr/bin:/sbin:/bin:/snap/bin:/home/jules/.dotnet/tools

## ------------ ##
## Core tests.  ##
## ------------ ##

configure:1140: PATH=".;."; conftest.sh
./configure: 1141: conftest.sh: not found
configure:1143: $? = 127
configure:1203: checking build system type
configure:1221: result: x86_64-pc-linux-gnu
configure:1228: checking host system type
configure:1242: result: x86_64-pc-linux-gnu
configure:1250: checking target system type
configure:1264: result: x86_64-pc-linux-gnu
configure:1296: result: Configuring for linux-gnu
configure:1333: checking for DESTDIR
configure:1357: result: Configuring for linux-gnu
configure:1429: result:
configure:1483: checking for gcc
configure:1498: found /usr/bin/gcc
configure:1506: result: gcc
configure:1734: checking for C compiler version
configure:1737: gcc --version </dev/null >&5
gcc (Ubuntu 13.3.0-6ubuntu2~24.04.1) 13.3.0
Copyright (C) 2023 Free Software Foundation, Inc.
This is free software; see the source for copying conditions.  There is NO
warranty; not even for MERCHANTABILITY or FITNESS FOR A PARTICULAR PURPOSE.

configure:1740: $? = 0
configure:1742: gcc -v </dev/null >&5
Using built-in specs.
COLLECT_GCC=gcc
COLLECT_LTO_WRAPPER=/usr/libexec/gcc/x86_64-linux-gnu/13/lto-wrapper
OFFLOAD_TARGET_NAMES=nvptx-none:amdgcn-amdhsa
OFFLOAD_TARGET_DEFAULT=1
Target: x86_64-linux-gnu
Configured with: ../src/configure -v --with-pkgversion='Ubuntu 13.3.0-6ubuntu2~24.04.1' --with-bugurl=file:///usr/share/doc/gcc-13/README.Bugs --enable-languages=c,ada,c++,go,d,fortran,objc,obj-c++,m2 --prefix=/usr --with-gcc-major-version-only --program-suffix=-13 --program-prefix=x86_64-linux-gnu- --enable-shared --enable-linker-build-id --libexecdir=/usr/libexec --without-included-gettext --enable-threads=posix --libdir=/usr/lib --enable-nls --enable-bootstrap --enable-clocale=gnu --enable-libstdcxx-debug --enable-libstdcxx-time=yes --with-default-libstdcxx-abi=new --enable-libstdcxx-backtrace --enable-gnu-unique-object --disable-vtable-verify --enable-plugin --enable-default-pie --with-system-zlib --enable-libphobos-checking=release --with-target-system-zlib=auto --enable-objc-gc=auto --enable-multiarch --disable-werror --enable-cet --with-arch-32=i686 --with-abi=m64 --with-multilib-list=m32,m64,mx32 --enable-multilib --with-tune=generic --enable-offload-targets=nvptx-none=/build/gcc-13-EldibY/gcc-13-13.3.0/debian/tmp-nvptx/usr,amdgcn-amdhsa=/build/gcc-13-EldibY/gcc-13-13.3.0/debian/tmp-gcn/usr --enable-offload-defaulted --without-cuda-driver --enable-checking=release --build=x86_64-linux-gnu --host=x86_64-linux-gnu --target=x86_64-linux-gnu --with-build-config=bootstrap-lto-lean --enable-link-serialization=2
Thread model: posix
Supported LTO compression algorithms: zlib zstd
gcc version 13.3.0 (Ubuntu 13.3.0-6ubuntu2~24.04.1)
configure:1745: $? = 0
configure:1747: gcc -V </dev/null >&5
gcc: error: unrecognized command-line option '-V'
gcc: fatal error: no input files
compilation terminated.
configure:1750: $? = 1
configure:1770: checking for C compiler default output
configure:1773: gcc    conftest.c  >&5
configure:1776: $? = 0
configure:1805: result: a.out
configure:1810: checking whether the C compiler works
configure:1816: ./a.out
configure:1819: $? = 0
configure:1834: result: yes
configure:1841: checking whether we are cross compiling
configure:1843: result: no
configure:1846: checking for executable suffix
configure:1848: gcc -o conftest    conftest.c  >&5
configure:1851: $? = 0
configure:1873: result:
configure:1879: checking for object suffix
configure:1897: gcc -c   conftest.c >&5
configure:1900: $? = 0
configure:1919: result: o
configure:1923: checking whether we are using the GNU C compiler
configure:1944: gcc -c   conftest.c >&5
configure:1947: $? = 0
configure:1950: test -s conftest.o
configure:1953: $? = 0
configure:1965: result: yes
configure:1971: checking whether gcc accepts -g
configure:1989: gcc -c -g  conftest.c >&5
configure:1992: $? = 0
configure:1995: test -s conftest.o
configure:1998: $? = 0
configure:2008: result: yes
configure:2035: gcc -c -g -O2  conftest.c >&5
conftest.c:2:3: error: unknown type name 'choke'
    2 |   choke me
      |   ^~~~~
conftest.c:2:3: error: expected '=', ',', ';', 'asm' or '__attribute__' at end of input
configure:2038: $? = 1
configure: failed program was:
#ifndef __cplusplus
  choke me
#endif
configure:2139: checking version of gcc
configure:2143: result: 13.3.0
configure:2152: checking if this is really Intel C compiler
configure:2174: gcc -c -g -O2 -no-gcc  conftest.c >&5
gcc: error: unrecognized command-line option '-no-gcc'
configure:2177: $? = 1
configure: failed program was:
#line 2157 "configure"
#include "confdefs.h"

int
main (void)
{

#ifdef __INTEL_COMPILER
#else
#error __INTEL_COMPILER is not defined
#endif

  ;
  return 0;
}
configure:2194: result: no
configure:2203: checking if this is really Clang C compiler
configure:2224: gcc -c -g -O2  conftest.c >&5
configure: In function 'main':
configure:2215:2: error: #error __clang__ is not defined
 2215 | #else
      |  ^~~~
configure:2227: $? = 1
configure: failed program was:
#line 2207 "configure"
#include "confdefs.h"

int
main (void)
{

#ifdef __clang__
#else
#error __clang__ is not defined
#endif

  ;
  return 0;
}
configure:2243: result: no
configure:2324: checking for gcc option to accept ANSI C
configure:2384: gcc  -c -g -O2  conftest.c >&5
configure:2387: $? = 0
configure:2390: test -s conftest.o
configure:2393: $? = 0
configure:2410: result: none needed
configure:2421: checking $CFLAGS variable
configure:2535: result: ok
configure:2540: checking $CC variable
configure:2675: result: ok
configure:2680: checking for inline
configure:2697: gcc -c -g -O2  conftest.c >&5
configure:2700: $? = 0
configure:2703: test -s conftest.o
configure:2706: $? = 0
configure:2717: result: inline
configure:2736: checking for ggrep
configure:2762: result: no
configure:2736: checking for grep
configure:2751: found /usr/bin/grep
configure:2759: result: grep
configure:2770: checking for egrep
configure:2826: result: grep -E
configure:2836: checking how to run the C preprocessor
configure:2862: gcc -E  conftest.c
configure:2868: $? = 0
configure:2895: gcc -E  conftest.c
configure:2892:10: fatal error: ac_nonexistent.h: No such file or directory
 2892 | #include "confdefs.h"
      |          ^~~~~~~~~~~~
compilation terminated.
configure:2901: $? = 1
configure: failed program was:
#line 2891 "configure"
#include "confdefs.h"
#include <ac_nonexistent.h>
configure:2938: result: gcc -E
configure:2953: gcc -E  conftest.c
configure:2959: $? = 0
configure:2986: gcc -E  conftest.c
configure:2983:10: fatal error: ac_nonexistent.h: No such file or directory
 2983 | #include "confdefs.h"
      |          ^~~~~~~~~~~~
compilation terminated.
configure:2992: $? = 1
configure: failed program was:
#line 2982 "configure"
#include "confdefs.h"
#include <ac_nonexistent.h>
configure:3032: checking if preprocessor -C option works
configure:3057: result: yes
configure:3064: checking whether ln -s works
configure:3068: result: yes
configure:3084: checking whether make sets ${MAKE}
configure:3104: result: yes
configure:3125: checking for a BSD compatible install
configure:3174: result: /usr/bin/install -c
configure:3189: checking for byacc
configure:3215: result: no
configure:3189: checking for bison
configure:3215: result: no
configure:3223: checking for egrep
configure:3279: result: grep -E
configure:3287: checking for lint
configure:3302: found /opt/android-sdk/cmdline-tools/latest/bin/lint
configure:3310: result: lint
configure:3329: checking for ".PHONY" make-support
** making always.out 1
echo 1 > always.out
** making always 1
** making once.out 1
echo 1 > once.out
** making once 1
make: Nothing to be done for 'always'.
touch once
** making always.out 2
echo 2 > always.out
** making always 2
** making once.out 2
echo 2 > once.out
** making once 2
make: Nothing to be done for 'always'.
touch once
** making always.out 3
echo 3 > always.out
** making always 3
** making once.out 3
echo 3 > once.out
** making once 3
make: Nothing to be done for 'always'.
touch once
configure:3384: result: yes
configure:3391: checking if filesystem supports mixed-case filenames
configure:3418: result: yes
configure:3429: checking for exctags
configure:3455: result: no
configure:3429: checking for ctags
configure:3455: result: no
configure:3466: checking for exetags
configure:3492: result: no
configure:3466: checking for etags
configure:3492: result: no
configure:3501: checking for ctags
configure:3525: result: no
configure:3535: checking for etags
configure:3559: result: no
configure:3625: checking for windres
configure:3654: result: none
configure:3896: checking for ranlib
configure:3911: found /usr/bin/ranlib
configure:3920: result: ranlib
configure:3970: checking for ar
configure:3985: found /usr/bin/ar
configure:3994: result: ar
configure:4006: checking for options to update archives
configure:4046: gcc -c -g -O2  conftest.c >&5
configure:4049: $? = 0
ar  -curvU conftest.a conftest.o
configure:4070: result: -curvU
configure:4081: checking if you want to see long compiling messages
configure:4115: result: yes
configure:4125: checking if you want to check memory-leaks
configure:4142: result: no
configure:4152: checking if you want to enable debug-code
configure:4169: result: no
configure:4194: checking if you want to enable lynx trace code *recommended*
configure:4211: result: yes
configure:4218: checking if you want verbose trace code
configure:4235: result: no
configure:5330: checking for fgrep
configure:5386: result: grep -F
configure:5390: checking if you want to use C11 _Noreturn feature
configure:5407: result: no
configure:5621: checking if you want to turn on gcc warnings
configure:5638: result: no
configure:6016: checking if you want to use dbmalloc for testing
configure:6038: result: no
configure:6253: checking if you want to use dmalloc for testing
configure:6275: result: no
configure:6979: checking if the POSIX test-macros are already defined
configure:7005: gcc -c -O2  conftest.c >&5
configure:7008: $? = 0
configure:7011: test -s conftest.o
configure:7014: $? = 0
configure:7025: result: no
configure:7067: checking if this is the GNU C library
configure:7093: gcc -c -O2  conftest.c >&5
configure:7096: $? = 0
configure:7099: test -s conftest.o
configure:7102: $? = 0
configure:7113: result: yes
configure:7121: checking if _DEFAULT_SOURCE can be used as a basis
configure:7152: gcc -c -O2 -D_DEFAULT_SOURCE conftest.c >&5
configure:7155: $? = 0
configure:7158: test -s conftest.o
configure:7161: $? = 0
configure:7173: result: yes
configure:7178: checking if _XOPEN_SOURCE=500 works with _DEFAULT_SOURCE
configure:7303: gcc -c -O2 -D_DEFAULT_SOURCE -D_XOPEN_SOURCE=500 conftest.c >&5
configure:7306: $? = 0
configure:7309: test -s conftest.o
configure:7312: $? = 0
configure:7323: result: yes
configure:8581: checking if _XOPEN_SOURCE really is set
configure:8599: gcc -c -O2 -D_DEFAULT_SOURCE -D_XOPEN_SOURCE=500 conftest.c >&5
configure:8602: $? = 0
configure:8605: test -s conftest.o
configure:8608: $? = 0
configure:8617: result: yes
configure:8637: gcc -c -O2 -D_DEFAULT_SOURCE -D_XOPEN_SOURCE=500 conftest.c >&5
configure:8640: $? = 0
configure:8643: test -s conftest.o
configure:8646: $? = 0
configure:8904: checking for special C compiler options needed for large files
configure:8978: result: no
configure:8984: checking for _FILE_OFFSET_BITS value needed for large files
configure:9012: gcc -c -O2 -D_DEFAULT_SOURCE -D_XOPEN_SOURCE=500 conftest.c >&5
configure:9015: $? = 0
configure:9018: test -s conftest.o
configure:9021: $? = 0
configure:9071: result: no
configure:9081: checking for _LARGE_FILES value needed for large files
configure:9109: gcc -c -O2 -D_DEFAULT_SOURCE -D_XOPEN_SOURCE=500 conftest.c >&5
configure:9112: $? = 0
configure:9115: test -s conftest.o
configure:9118: $? = 0
configure:9168: result: no
configure:9181: checking for _LARGEFILE_SOURCE value needed for large files
configure:9204: gcc -c -O2 -D_DEFAULT_SOURCE -D_XOPEN_SOURCE=500 conftest.c >&5
configure:9207: $? = 0
configure:9210: test -s conftest.o
configure:9213: $? = 0
configure:9258: result: no
configure:9272: checking for fseeko
configure:9292: gcc -o conftest -O2 -D_DEFAULT_SOURCE -D_XOPEN_SOURCE=500  conftest.c  >&5
configure:9295: $? = 0
configure:9298: test -s conftest
configure:9301: $? = 0
configure:9311: result: yes
configure:9350: checking whether to use struct dirent64
configure:9384: gcc -c -O2 -D_DEFAULT_SOURCE -D_XOPEN_SOURCE=500 conftest.c >&5
configure: In function 'main':
configure:9373:38: error: initialization of 'struct dirent64 *' from incompatible pointer type 'struct dirent *' [-Werror=incompatible-pointer-types]
 9373 |                 DIR *dp = opendir(".");
      |                                      ^~
configure:9375:27: error: invalid operands to binary - (have 'struct dirent64 *' and 'struct dirent *')
 9375 |                 struct dirent *y = readdir(dp);
      |                           ^
cc1: some warnings being treated as errors
configure:9387: $? = 1
configure: failed program was:
#line 9357 "configure"
#include "confdefs.h"

#pragma GCC diagnostic error "-Wincompatible-pointer-types"
#include <sys/types.h>
#include <dirent.h>

#ifndef __REDIRECT
/* if transitional largefile support is setup, this is true */
extern struct dirent64 * readdir(DIR *);
#endif

int
main (void)
{

		DIR *dp = opendir(".");
		struct dirent64 *x = readdir(dp);
		struct dirent *y = readdir(dp);
		int z = x - y;
		(void)z;

  ;
  return 0;
}
configure:9404: result: no
configure:9413: checking if you want to trim unneeded libraries
configure:9430: result: yes
configure:9439: checking for ANSI C header files
configure:9453: gcc -E -C -D_DEFAULT_SOURCE -D_XOPEN_SOURCE=500 conftest.c
configure:9459: $? = 0
configure:9546: gcc -o conftest -O2 -D_DEFAULT_SOURCE -D_XOPEN_SOURCE=500  conftest.c  >&5
configure:9549: $? = 0
configure:9551: ./conftest
configure:9554: $? = 0
configure:9567: result: yes
configure:9583: checking for sys/types.h
configure:9595: gcc -c -O2 -D_DEFAULT_SOURCE -D_XOPEN_SOURCE=500 conftest.c >&5
configure:9598: $? = 0
configure:9601: test -s conftest.o
configure:9604: $? = 0
configure:9614: result: yes
configure:9583: checking for sys/stat.h
configure:9595: gcc -c -O2 -D_DEFAULT_SOURCE -D_XOPEN_SOURCE=500 conftest.c >&5
configure:9598: $? = 0
configure:9601: test -s conftest.o
configure:9604: $? = 0
configure:9614: result: yes
configure:9583: checking for stdlib.h
configure:9595: gcc -c -O2 -D_DEFAULT_SOURCE -D_XOPEN_SOURCE=500 conftest.c >&5
configure:9598: $? = 0
configure:9601: test -s conftest.o
configure:9604: $? = 0
configure:9614: result: yes
configure:9583: checking for string.h
configure:9595: gcc -c -O2 -D_DEFAULT_SOURCE -D_XOPEN_SOURCE=500 conftest.c >&5
configure:9598: $? = 0
configure:9601: test -s conftest.o
configure:9604: $? = 0
configure:9614: result: yes
configure:9583: checking for memory.h
configure:9595: gcc -c -O2 -D_DEFAULT_SOURCE -D_XOPEN_SOURCE=500 conftest.c >&5
configure:9598: $? = 0
configure:9601: test -s conftest.o
configure:9604: $? = 0
configure:9614: result: yes
configure:9583: checking for strings.h
configure:9595: gcc -c -O2 -D_DEFAULT_SOURCE -D_XOPEN_SOURCE=500 conftest.c >&5
configure:9598: $? = 0
configure:9601: test -s conftest.o
configure:9604: $? = 0
configure:9614: result: yes
configure:9583: checking for inttypes.h
configure:9595: gcc -c -O2 -D_DEFAULT_SOURCE -D_XOPEN_SOURCE=500 conftest.c >&5
configure:9598: $? = 0
configure:9601: test -s conftest.o
configure:9604: $? = 0
configure:9614: result: yes
configure:9583: checking for stdint.h
configure:9595: gcc -c -O2 -D_DEFAULT_SOURCE -D_XOPEN_SOURCE=500 conftest.c >&5
configure:9598: $? = 0
configure:9601: test -s conftest.o
configure:9604: $? = 0
configure:9614: result: yes
configure:9583: checking for unistd.h
configure:9595: gcc -c -O2 -D_DEFAULT_SOURCE -D_XOPEN_SOURCE=500 conftest.c >&5
configure:9598: $? = 0
configure:9601: test -s conftest.o
configure:9604: $? = 0
configure:9614: result: yes
configure:9624: checking whether exit is declared
configure:9645: gcc -c -O2 -D_DEFAULT_SOURCE -D_XOPEN_SOURCE=500 conftest.c >&5
configure:9648: $? = 0
configure:9651: test -s conftest.o
configure:9654: $? = 0
configure:9664: result: yes
configure:9670: checking for PATH separator
configure:9677: result: :
configure:9683: checking for msginit
configure:9713: result: no
configure:10004: checking for iconv
configure:10015: testing Starting FIND_LINKAGE(iconv,) ...
configure:10039: gcc -o conftest -O2 -D_DEFAULT_SOURCE -D_XOPEN_SOURCE=500  conftest.c  >&5
configure:10042: $? = 0
configure:10045: test -s conftest
configure:10048: $? = 0
configure:10413: result: yes
configure:10422: checking if the declaration of iconv() needs const.
configure:10454: gcc -c -O2 -D_DEFAULT_SOURCE -D_XOPEN_SOURCE=500 conftest.c >&5
configure:10457: $? = 0
configure:10460: test -s conftest.o
configure:10463: $? = 0
configure:10473: result: no
configure:10606: checking for nl_langinfo and CODESET
configure:10626: gcc -o conftest -O2 -D_DEFAULT_SOURCE -D_XOPEN_SOURCE=500  conftest.c  >&5
configure:10629: $? = 0
configure:10632: test -s conftest
configure:10635: $? = 0
configure:10646: result: yes
configure:10704: checking whether NLS is requested
configure:10714: result: no
configure:12006: checking if you want full utility pathnames
configure:12023: result: yes
configure:12030: checking for system mailer
configure:12050: result: unknown
configure:12057: checking system mail flags
configure:12073: result: -t -oi
configure:12086: checking if SIGWINCH is defined
configure:12108: gcc -c -O2 -D_DEFAULT_SOURCE -D_XOPEN_SOURCE=500 conftest.c >&5
configure:12111: $? = 0
configure:12114: test -s conftest.o
configure:12117: $? = 0
configure:12165: result: yes
configure:12233: checking if you want to use pkg-config
configure:12243: result: yes
configure:12295: checking for pkg-config
configure:12312: found /usr/bin/pkg-config
configure:12324: result: /usr/bin/pkg-config
configure:12383: testing checking additions to CFLAGS ...
configure:12478: testing add to $CPPFLAGS -DLINUX ...
configure:12543: checking if you want ssl library
configure:12558: result: yes
configure:12561: checking if you want gnutls support
configure:12576: result: no
configure:12579: checking if you want socks library
configure:12594: result: no
configure:12597: checking if you want socks5 library
configure:12612: result: no
configure:14062: checking for network libraries
configure:14069: result: working...
configure:14206: checking for gethostname
configure:14243: gcc -o conftest -O2 -D_DEFAULT_SOURCE -D_XOPEN_SOURCE=500 -DLINUX  conftest.c  >&5
configure:14246: $? = 0
configure:14249: test -s conftest
configure:14252: $? = 0
configure:14262: result: yes
configure:14406: checking for inet_ntoa in -linet
configure:14433: gcc -o conftest -O2 -D_DEFAULT_SOURCE -D_XOPEN_SOURCE=500 -DLINUX  conftest.c -linet   >&5
/usr/bin/ld: cannot find -linet: No such file or directory
collect2: error: ld returned 1 exit status
configure:14436: $? = 1
configure: failed program was:
#line 14414 "configure"
#include "confdefs.h"

/* Override any gcc2 internal prototype to avoid an error.  */
#ifdef __cplusplus
extern "C"
#endif
/* We use char because int might match the return type of a gcc2
   builtin and then its argument prototype would still apply.  */
char inet_ntoa (void);
int
main (void)
{
inet_ntoa ();
  ;
  return 0;
}
configure:14453: result: no
configure:14464: checking for socket
configure:14501: gcc -o conftest -O2 -D_DEFAULT_SOURCE -D_XOPEN_SOURCE=500 -DLINUX  conftest.c  >&5
configure:14504: $? = 0
configure:14507: test -s conftest
configure:14510: $? = 0
configure:14520: result: yes
configure:14669: checking for gethostbyname
configure:14706: gcc -o conftest -O2 -D_DEFAULT_SOURCE -D_XOPEN_SOURCE=500 -DLINUX  conftest.c  >&5
configure:14709: $? = 0
configure:14712: test -s conftest
configure:14715: $? = 0
configure:14725: result: yes
configure:14806: checking for inet_ntoa
configure:14843: gcc -o conftest -O2 -D_DEFAULT_SOURCE -D_XOPEN_SOURCE=500 -DLINUX  conftest.c  >&5
configure:14846: $? = 0
configure:14849: test -s conftest
configure:14852: $? = 0
configure:14862: result: yes
configure:14943: checking for gethostbyname
configure:14999: result: yes
configure:15080: checking for strcasecmp
configure:15117: gcc -o conftest -O2 -D_DEFAULT_SOURCE -D_XOPEN_SOURCE=500 -DLINUX  conftest.c  >&5
configure:15097:6: warning: conflicting types for built-in function 'strcasecmp'; expected 'int(const char *, const char *)' [-Wbuiltin-declaration-mismatch]
15097 |    builtin and then its argument prototype would still apply.  */
      |      ^~~~~~~~~~
configure:15120: $? = 0
configure:15123: test -s conftest
configure:15126: $? = 0
configure:15136: result: yes
configure:15254: checking for inet_aton function
configure:15297: gcc -o conftest -O2 -D_DEFAULT_SOURCE -D_XOPEN_SOURCE=500 -DLINUX  conftest.c  >&5
configure:15300: $? = 0
configure:15303: test -s conftest
configure:15306: $? = 0
configure:15316: result: yes
configure:15733: checking pkg-config for openssl
configure:15737: result: yes
configure:15885: testing adding -lssl -lcrypto  to LIBS ...
configure:16621: testing checking ssl header-path /usr/include/openssl ...
configure:16637: checking for SSL_clear_options
configure:16674: gcc -o conftest -O2 -D_DEFAULT_SOURCE -D_XOPEN_SOURCE=500 -DLINUX  conftest.c -lssl -lcrypto  >&5
configure:16677: $? = 0
configure:16680: test -s conftest
configure:16683: $? = 0
configure:16693: result: yes
configure:16703: checking for X509 support
configure:16733: gcc -o conftest -O2 -D_DEFAULT_SOURCE -D_XOPEN_SOURCE=500 -DLINUX  conftest.c -lssl -lcrypto  >&5
configure:16736: $? = 0
configure:16739: test -s conftest
configure:16742: $? = 0
configure:16751: result: yes
configure:18049: checking whether to enable ipv6
configure:18066: result: no
configure:18834: checking for screen type
configure:18857: result: ncurses
configure:18863: checking for specific curses-directory
configure:18873: result: no
configure:22935: checking pkg-config for ncurses
configure:22938: result: yes
configure:22941: checking if the ncurses package files work
configure:23316: gcc -o conftest -O2 -DLINUX -D_DEFAULT_SOURCE -D_XOPEN_SOURCE=600  conftest.c -lncurses -ltinfo -lssl -lcrypto  >&5
configure:23319: $? = 0
configure:23322: test -s conftest
configure:23325: $? = 0
configure:23338: gcc -o conftest -O2 -DLINUX -D_DEFAULT_SOURCE -D_XOPEN_SOURCE=600  conftest.c -lncurses -ltinfo -lssl -lcrypto  >&5
configure:23341: $? = 0
configure:23343: ./conftest
configure:23346: $? = 0
configure:23363: result: yes
configure:23379: checking for terminfo header
configure:23412: gcc -c -O2 -DLINUX -D_DEFAULT_SOURCE -D_XOPEN_SOURCE=600 conftest.c >&5
configure:23415: $? = 0
configure:23418: test -s conftest.o
configure:23421: $? = 0
configure:23437: result: term.h
configure:27593: checking for an rpath option
configure:27624: result: -Wl,-rpath,
configure:27823: testing will not attempt to use rpath ...
configure:27829: checking for chtype typedef
configure:27848: gcc -c -O2 -DLINUX -D_DEFAULT_SOURCE -D_XOPEN_SOURCE=600 conftest.c >&5
configure:27851: $? = 0
configure:27854: test -s conftest.o
configure:27857: $? = 0
configure:27867: result: yes
configure:27875: checking if chtype is scalar or struct
configure:27894: gcc -c -O2 -DLINUX -D_DEFAULT_SOURCE -D_XOPEN_SOURCE=600 conftest.c >&5
configure:27897: $? = 0
configure:27900: test -s conftest.o
configure:27903: $? = 0
configure:27913: result: scalar
configure:27924: checking if you want the wide-curses features
configure:27941: result: no
configure:27944: checking if color-style code should be used
configure:27974: result: yes
configure:27977: checking for location of style-sheet file
configure:28020: result: /usr/local/etc/lynx.lss
configure:28033: checking for the default configuration-file
configure:28076: result: /usr/local/etc/lynx.cfg
configure:28085: checking for the default configuration-path
configure:28128: result: /usr/local/etc
configure:28138: checking for MIME library directory
configure:28181: result: /etc
configure:28189: checking for usable UTF-8 support
configure:28201: result: no
configure:28204: checking if locale-charset selection logic should be used
configure:28221: result: yes
configure:28239: checking if wcwidth/UTF-8 logic should be used
configure:28263: result: no
configure:28272: checking if you want only a few charsets
configure:28336: result: no
configure:28340: checking whether time.h and sys/time.h may both be included
configure:28362: gcc -c -O2 -DLINUX -D_DEFAULT_SOURCE -D_XOPEN_SOURCE=600 conftest.c >&5
configure:28365: $? = 0
configure:28368: test -s conftest.o
configure:28371: $? = 0
configure:28381: result: yes
configure:28394: checking for dirent.h that defines DIR
configure:28415: gcc -c -O2 -DLINUX -D_DEFAULT_SOURCE -D_XOPEN_SOURCE=600 conftest.c >&5
configure:28418: $? = 0
configure:28421: test -s conftest.o
configure:28424: $? = 0
configure:28434: result: yes
configure:28447: checking for opendir in -ldir
configure:28474: gcc -o conftest -O2 -DLINUX -D_DEFAULT_SOURCE -D_XOPEN_SOURCE=600  conftest.c -ldir  -lncurses -ltinfo -lssl -lcrypto  >&5
/usr/bin/ld: cannot find -ldir: No such file or directory
collect2: error: ld returned 1 exit status
configure:28477: $? = 1
configure: failed program was:
#line 28455 "configure"
#include "confdefs.h"

/* Override any gcc2 internal prototype to avoid an error.  */
#ifdef __cplusplus
extern "C"
#endif
/* We use char because int might match the return type of a gcc2
   builtin and then its argument prototype would still apply.  */
char opendir (void);
int
main (void)
{
opendir ();
  ;
  return 0;
}
configure:28494: result: no
configure:28574: checking for arpa/inet.h
configure:28584: gcc -E -C -DLINUX -D_DEFAULT_SOURCE -D_XOPEN_SOURCE=600 conftest.c
configure:28590: $? = 0
configure:28609: result: yes
configure:28574: checking for fcntl.h
configure:28584: gcc -E -C -DLINUX -D_DEFAULT_SOURCE -D_XOPEN_SOURCE=600 conftest.c
configure:28590: $? = 0
configure:28609: result: yes
configure:28574: checking for limits.h
configure:28584: gcc -E -C -DLINUX -D_DEFAULT_SOURCE -D_XOPEN_SOURCE=600 conftest.c
configure:28590: $? = 0
configure:28609: result: yes
configure:28574: checking for sys/fcntl.h
configure:28584: gcc -E -C -DLINUX -D_DEFAULT_SOURCE -D_XOPEN_SOURCE=600 conftest.c
configure:28590: $? = 0
configure:28609: result: yes
configure:28574: checking for sys/filio.h
configure:28584: gcc -E -C -DLINUX -D_DEFAULT_SOURCE -D_XOPEN_SOURCE=600 conftest.c
configure:28581:10: fatal error: sys/filio.h: No such file or directory
28581 | #include "confdefs.h"
      |          ^~~~~~~~~~~~
compilation terminated.
configure:28590: $? = 1
configure: failed program was:
#line 28580 "configure"
#include "confdefs.h"
#include <sys/filio.h>
configure:28609: result: no
configure:28574: checking for sys/ioctl.h
configure:28584: gcc -E -C -DLINUX -D_DEFAULT_SOURCE -D_XOPEN_SOURCE=600 conftest.c
configure:28590: $? = 0
configure:28609: result: yes
configure:28574: checking for sys/param.h
configure:28584: gcc -E -C -DLINUX -D_DEFAULT_SOURCE -D_XOPEN_SOURCE=600 conftest.c
configure:28590: $? = 0
configure:28609: result: yes
configure:28574: checking for sys/timeb.h
configure:28584: gcc -E -C -DLINUX -D_DEFAULT_SOURCE -D_XOPEN_SOURCE=600 conftest.c
configure:28590: $? = 0
configure:28609: result: yes
configure:28574: checking for sys/time.h
configure:28584: gcc -E -C -DLINUX -D_DEFAULT_SOURCE -D_XOPEN_SOURCE=600 conftest.c
configure:28590: $? = 0
configure:28609: result: yes
configure:28574: checking for syslog.h
configure:28584: gcc -E -C -DLINUX -D_DEFAULT_SOURCE -D_XOPEN_SOURCE=600 conftest.c
configure:28590: $? = 0
configure:28609: result: yes
configure:28574: checking for termio.h
configure:28584: gcc -E -C -DLINUX -D_DEFAULT_SOURCE -D_XOPEN_SOURCE=600 conftest.c
configure:28590: $? = 0
configure:28609: result: yes
configure:28574: checking for termios.h
configure:28584: gcc -E -C -DLINUX -D_DEFAULT_SOURCE -D_XOPEN_SOURCE=600 conftest.c
configure:28590: $? = 0
configure:28609: result: yes
configure:28574: checking for vfork.h
configure:28584: gcc -E -C -DLINUX -D_DEFAULT_SOURCE -D_XOPEN_SOURCE=600 conftest.c
configure:28581:10: fatal error: vfork.h: No such file or directory
28581 | #include "confdefs.h"
      |          ^~~~~~~~~
compilation terminated.
configure:28590: $? = 1
configure: failed program was:
#line 28580 "configure"
#include "confdefs.h"
#include <vfork.h>
configure:28609: result: no
configure:28574: checking for wchar.h
configure:28584: gcc -E -C -DLINUX -D_DEFAULT_SOURCE -D_XOPEN_SOURCE=600 conftest.c
configure:28590: $? = 0
configure:28609: result: yes
configure:28619: checking termio.h and termios.h
configure:28645: gcc -c -O2 -DLINUX -D_DEFAULT_SOURCE -D_XOPEN_SOURCE=600 conftest.c >&5
configure:28648: $? = 0
configure:28651: test -s conftest.o
configure:28654: $? = 0
configure:28665: result: yes
configure:28672: checking for sigaction and structs
configure:28699: gcc -o conftest -O2 -DLINUX -D_DEFAULT_SOURCE -D_XOPEN_SOURCE=600  conftest.c -lncurses -ltinfo -lssl -lcrypto  >&5
configure:28702: $? = 0
configure:28705: test -s conftest
configure:28708: $? = 0
configure:28719: result: yes
configure:28729: checking for sys/wait.h
configure:28739: gcc -E -C -DLINUX -D_DEFAULT_SOURCE -D_XOPEN_SOURCE=600 conftest.c
configure:28745: $? = 0
configure:28764: result: yes
configure:28890: checking for union wait
configure:28916: gcc -o conftest -O2 -DLINUX -D_DEFAULT_SOURCE -D_XOPEN_SOURCE=600  conftest.c -lncurses -ltinfo -lssl -lcrypto  >&5
configure:28919: $? = 0
configure:28922: test -s conftest
configure:28925: $? = 0
compiles ok w/o union wait
configure:28986: result: no
configure:29091: checking for uid_t in sys/types.h
configure:29111: result: yes
configure:29125: checking type of array argument to getgroups
configure:29161: gcc -o conftest -O2 -DLINUX -D_DEFAULT_SOURCE -D_XOPEN_SOURCE=600  conftest.c -lncurses -ltinfo -lssl -lcrypto  >&5
configure:29164: $? = 0
configure:29166: ./conftest
configure:29169: $? = 0
configure:29197: result: gid_t
configure:29204: checking for off_t
configure:29225: gcc -c -O2 -DLINUX -D_DEFAULT_SOURCE -D_XOPEN_SOURCE=600 conftest.c >&5
configure:29228: $? = 0
configure:29231: test -s conftest.o
configure:29234: $? = 0
configure:29244: result: yes
configure:29256: checking for pid_t
configure:29277: gcc -c -O2 -DLINUX -D_DEFAULT_SOURCE -D_XOPEN_SOURCE=600 conftest.c >&5
configure:29280: $? = 0
configure:29283: test -s conftest.o
configure:29286: $? = 0
configure:29296: result: yes
configure:29308: checking for uid_t in sys/types.h
configure:29328: result: yes
configure:29342: checking for mode_t
configure:29363: gcc -c -O2 -DLINUX -D_DEFAULT_SOURCE -D_XOPEN_SOURCE=600 conftest.c >&5
configure:29366: $? = 0
configure:29369: test -s conftest.o
configure:29372: $? = 0
configure:29382: result: yes
configure:29394: checking for ssize_t
configure:29415: gcc -c -O2 -DLINUX -D_DEFAULT_SOURCE -D_XOPEN_SOURCE=600 conftest.c >&5
configure:29418: $? = 0
configure:29421: test -s conftest.o
configure:29424: $? = 0
configure:29434: result: yes
configure:29450: checking for socklen_t
configure:29474: gcc -c -O2 -DLINUX -D_DEFAULT_SOURCE -D_XOPEN_SOURCE=600 conftest.c >&5
configure:29477: $? = 0
configure:29480: test -s conftest.o
configure:29483: $? = 0
configure:29493: result: yes
configure:29509: checking for long long type
configure:29540: result: yes
configure:29551: checking for tm.tm_gmtoff
configure:29583: gcc -c -O2 -DLINUX -D_DEFAULT_SOURCE -D_XOPEN_SOURCE=600 conftest.c >&5
configure:29586: $? = 0
configure:29589: test -s conftest.o
configure:29592: $? = 0
configure:29603: result: yes
configure:29610: checking for int
configure:29631: gcc -c -O2 -DLINUX -D_DEFAULT_SOURCE -D_XOPEN_SOURCE=600 conftest.c >&5
configure:29634: $? = 0
configure:29637: test -s conftest.o
configure:29640: $? = 0
configure:29650: result: yes
configure:29653: checking size of int
configure:29817: gcc -o conftest -O2 -DLINUX -D_DEFAULT_SOURCE -D_XOPEN_SOURCE=600  conftest.c -lncurses -ltinfo -lssl -lcrypto  >&5
configure:29820: $? = 0
configure:29822: ./conftest
configure:29825: $? = 0
configure:29841: result: 4
configure:29868: checking for long
configure:29889: gcc -c -O2 -DLINUX -D_DEFAULT_SOURCE -D_XOPEN_SOURCE=600 conftest.c >&5
configure:29892: $? = 0
configure:29895: test -s conftest.o
configure:29898: $? = 0
configure:29908: result: yes
configure:29911: checking size of long
configure:30075: gcc -o conftest -O2 -DLINUX -D_DEFAULT_SOURCE -D_XOPEN_SOURCE=600  conftest.c -lncurses -ltinfo -lssl -lcrypto  >&5
configure:30078: $? = 0
configure:30080: ./conftest
configure:30083: $? = 0
configure:30099: result: 8
configure:30126: checking for off_t
configure:30166: result: yes
configure:30169: checking size of off_t
configure:30333: gcc -o conftest -O2 -DLINUX -D_DEFAULT_SOURCE -D_XOPEN_SOURCE=600  conftest.c -lncurses -ltinfo -lssl -lcrypto  >&5
configure:30336: $? = 0
configure:30338: ./conftest
configure:30341: $? = 0
configure:30357: result: 8
configure:30384: checking for size_t
configure:30405: gcc -c -O2 -DLINUX -D_DEFAULT_SOURCE -D_XOPEN_SOURCE=600 conftest.c >&5
configure:30408: $? = 0
configure:30411: test -s conftest.o
configure:30414: $? = 0
configure:30424: result: yes
configure:30427: checking size of size_t
configure:30591: gcc -o conftest -O2 -DLINUX -D_DEFAULT_SOURCE -D_XOPEN_SOURCE=600  conftest.c -lncurses -ltinfo -lssl -lcrypto  >&5
configure:30594: $? = 0
configure:30596: ./conftest
configure:30599: $? = 0
configure:30615: result: 8
configure:30642: checking for time_t
configure:30663: gcc -c -O2 -DLINUX -D_DEFAULT_SOURCE -D_XOPEN_SOURCE=600 conftest.c >&5
configure:30666: $? = 0
configure:30669: test -s conftest.o
configure:30672: $? = 0
configure:30682: result: yes
configure:30685: checking size of time_t
configure:30849: gcc -o conftest -O2 -DLINUX -D_DEFAULT_SOURCE -D_XOPEN_SOURCE=600  conftest.c -lncurses -ltinfo -lssl -lcrypto  >&5
configure:30852: $? = 0
configure:30854: ./conftest
configure:30857: $? = 0
configure:30873: result: 8
configure:30900: checking for intptr_t
configure:30921: gcc -c -O2 -DLINUX -D_DEFAULT_SOURCE -D_XOPEN_SOURCE=600 conftest.c >&5
configure:30924: $? = 0
configure:30927: test -s conftest.o
configure:30930: $? = 0
configure:30940: result: yes
configure:30958: checking for struct sockaddr_in
configure:30980: gcc -c -O2 -DLINUX -D_DEFAULT_SOURCE -D_XOPEN_SOURCE=600 conftest.c >&5
configure:30983: $? = 0
configure:30986: test -s conftest.o
configure:30989: $? = 0
configure:30999: result: yes
configure:31002: checking size of struct sockaddr_in
configure:31171: gcc -o conftest -O2 -DLINUX -D_DEFAULT_SOURCE -D_XOPEN_SOURCE=600  conftest.c -lncurses -ltinfo -lssl -lcrypto  >&5
configure:31174: $? = 0
configure:31176: ./conftest
configure:31179: $? = 0
configure:31195: result: 16
configure:31222: checking for struct sockaddr
configure:31244: gcc -c -O2 -DLINUX -D_DEFAULT_SOURCE -D_XOPEN_SOURCE=600 conftest.c >&5
configure:31247: $? = 0
configure:31250: test -s conftest.o
configure:31253: $? = 0
configure:31263: result: yes
configure:31266: checking size of struct sockaddr
configure:31435: gcc -o conftest -O2 -DLINUX -D_DEFAULT_SOURCE -D_XOPEN_SOURCE=600  conftest.c -lncurses -ltinfo -lssl -lcrypto  >&5
configure:31438: $? = 0
configure:31440: ./conftest
configure:31443: $? = 0
configure:31459: result: 16
configure:31486: checking if SA_LEN can be simplified
configure:31504: result: yes
configure:31518: checking for working alloca.h
configure:31536: gcc -o conftest -O2 -DLINUX -D_DEFAULT_SOURCE -D_XOPEN_SOURCE=600  conftest.c -lncurses -ltinfo -lssl -lcrypto  >&5
configure:31539: $? = 0
configure:31542: test -s conftest
configure:31545: $? = 0
configure:31555: result: yes
configure:31565: checking for alloca
configure:31603: gcc -o conftest -O2 -DLINUX -D_DEFAULT_SOURCE -D_XOPEN_SOURCE=600  conftest.c -lncurses -ltinfo -lssl -lcrypto  >&5
configure:31606: $? = 0
configure:31609: test -s conftest
configure:31612: $? = 0
configure:31622: result: yes
configure:31806: checking for unistd.h
configure:31841: result: yes
configure:31806: checking for vfork.h
configure:31841: result: no
configure:31854: checking for fork
configure:31891: gcc -o conftest -O2 -DLINUX -D_DEFAULT_SOURCE -D_XOPEN_SOURCE=600  conftest.c -lncurses -ltinfo -lssl -lcrypto  >&5
configure:31871:6: warning: conflicting types for built-in function 'fork'; expected 'int(void)' [-Wbuiltin-declaration-mismatch]
31871 |    builtin and then its argument prototype would still apply.  */
      |      ^~~~
configure:31894: $? = 0
configure:31897: test -s conftest
configure:31900: $? = 0
configure:31910: result: yes
configure:31854: checking for vfork
configure:31891: gcc -o conftest -O2 -DLINUX -D_DEFAULT_SOURCE -D_XOPEN_SOURCE=600  conftest.c -lncurses -ltinfo -lssl -lcrypto  >&5
configure:31894: $? = 0
configure:31897: test -s conftest
configure:31900: $? = 0
configure:31910: result: yes
configure:31922: checking for working fork
configure:31965: result: yes
configure:31984: checking for working vfork
configure:32106: result: yes
configure:32137: checking if we should use fcntl or ioctl
configure:32161: gcc -o conftest -O2 -DLINUX -D_DEFAULT_SOURCE -D_XOPEN_SOURCE=600  conftest.c -lncurses -ltinfo -lssl -lcrypto  >&5
configure:32164: $? = 0
configure:32167: test -s conftest
configure:32170: $? = 0
configure:32222: result: ioctl
configure:32229: checking for broken/missing definition of remove
configure:32248: gcc -o conftest -O2 -DLINUX -D_DEFAULT_SOURCE -D_XOPEN_SOURCE=600  conftest.c -lncurses -ltinfo -lssl -lcrypto  >&5
configure:32251: $? = 0
configure:32254: test -s conftest
configure:32257: $? = 0
configure:32301: result: no
configure:32308: checking for lstat
configure:32327: gcc -o conftest -O2 -DLINUX -D_DEFAULT_SOURCE -D_XOPEN_SOURCE=600  conftest.c -lncurses -ltinfo -lssl -lcrypto  >&5
configure:32330: $? = 0
configure:32333: test -s conftest
configure:32336: $? = 0
configure:32348: result: yes
configure:32358: checking for getpwuid
configure:32383: gcc -o conftest -O2 -DLINUX -D_DEFAULT_SOURCE -D_XOPEN_SOURCE=600  conftest.c -lncurses -ltinfo -lssl -lcrypto  >&5
configure:32386: $? = 0
configure:32389: test -s conftest
configure:32392: $? = 0
configure:32403: result: yes
configure:32418: checking for passwd.pw_gecos
configure:32442: gcc -c -O2 -DLINUX -D_DEFAULT_SOURCE -D_XOPEN_SOURCE=600 conftest.c >&5
configure:32445: $? = 0
configure:32448: test -s conftest.o
configure:32451: $? = 0
configure:32461: result: yes
configure:32468: checking for vasprintf
configure:32505: gcc -o conftest -O2 -DLINUX -D_DEFAULT_SOURCE -D_XOPEN_SOURCE=600  conftest.c -lncurses -ltinfo -lssl -lcrypto  >&5
configure:32508: $? = 0
configure:32511: test -s conftest
configure:32514: $? = 0
configure:32524: result: yes
configure:32532: checking if vasprintf requires workaround
configure:32551: gcc -c -O2 -DLINUX -D_DEFAULT_SOURCE -D_XOPEN_SOURCE=600 conftest.c >&5
configure:32554: $? = 0
configure:32557: test -s conftest.o
configure:32560: $? = 0
configure:32563: result: no
configure:32645: checking for atoll
configure:32682: gcc -o conftest -O2 -DLINUX -D_DEFAULT_SOURCE -D_XOPEN_SOURCE=600  conftest.c -lncurses -ltinfo -lssl -lcrypto  >&5
configure:32685: $? = 0
configure:32688: test -s conftest
configure:32691: $? = 0
configure:32701: result: yes
configure:32645: checking for ctermid
configure:32682: gcc -o conftest -O2 -DLINUX -D_DEFAULT_SOURCE -D_XOPEN_SOURCE=600  conftest.c -lncurses -ltinfo -lssl -lcrypto  >&5
configure:32685: $? = 0
configure:32688: test -s conftest
configure:32691: $? = 0
configure:32701: result: yes
configure:32645: checking for cuserid
configure:32682: gcc -o conftest -O2 -DLINUX -D_DEFAULT_SOURCE -D_XOPEN_SOURCE=600  conftest.c -lncurses -ltinfo -lssl -lcrypto  >&5
configure:32685: $? = 0
configure:32688: test -s conftest
configure:32691: $? = 0
configure:32701: result: yes
configure:32645: checking for ftime
configure:32682: gcc -o conftest -O2 -DLINUX -D_DEFAULT_SOURCE -D_XOPEN_SOURCE=600  conftest.c -lncurses -ltinfo -lssl -lcrypto  >&5
configure:32685: $? = 0
configure:32688: test -s conftest
configure:32691: $? = 0
configure:32701: result: yes
configure:32645: checking for getcwd
configure:32682: gcc -o conftest -O2 -DLINUX -D_DEFAULT_SOURCE -D_XOPEN_SOURCE=600  conftest.c -lncurses -ltinfo -lssl -lcrypto  >&5
configure:32685: $? = 0
configure:32688: test -s conftest
configure:32691: $? = 0
configure:32701: result: yes
configure:32645: checking for getgroups
configure:32682: gcc -o conftest -O2 -DLINUX -D_DEFAULT_SOURCE -D_XOPEN_SOURCE=600  conftest.c -lncurses -ltinfo -lssl -lcrypto  >&5
configure:32685: $? = 0
configure:32688: test -s conftest
configure:32691: $? = 0
configure:32701: result: yes
configure:32645: checking for gettimeofday
configure:32682: gcc -o conftest -O2 -DLINUX -D_DEFAULT_SOURCE -D_XOPEN_SOURCE=600  conftest.c -lncurses -ltinfo -lssl -lcrypto  >&5
configure:32685: $? = 0
configure:32688: test -s conftest
configure:32691: $? = 0
configure:32701: result: yes
configure:32645: checking for getuid
configure:32682: gcc -o conftest -O2 -DLINUX -D_DEFAULT_SOURCE -D_XOPEN_SOURCE=600  conftest.c -lncurses -ltinfo -lssl -lcrypto  >&5
configure:32685: $? = 0
configure:32688: test -s conftest
configure:32691: $? = 0
configure:32701: result: yes
configure:32645: checking for popen
configure:32682: gcc -o conftest -O2 -DLINUX -D_DEFAULT_SOURCE -D_XOPEN_SOURCE=600  conftest.c -lncurses -ltinfo -lssl -lcrypto  >&5
configure:32685: $? = 0
configure:32688: test -s conftest
configure:32691: $? = 0
configure:32701: result: yes
configure:32645: checking for putenv
configure:32682: gcc -o conftest -O2 -DLINUX -D_DEFAULT_SOURCE -D_XOPEN_SOURCE=600  conftest.c -lncurses -ltinfo -lssl -lcrypto  >&5
configure:32685: $? = 0
configure:32688: test -s conftest
configure:32691: $? = 0
configure:32701: result: yes
configure:32645: checking for readdir
configure:32682: gcc -o conftest -O2 -DLINUX -D_DEFAULT_SOURCE -D_XOPEN_SOURCE=600  conftest.c -lncurses -ltinfo -lssl -lcrypto  >&5
configure:32685: $? = 0
configure:32688: test -s conftest
configure:32691: $? = 0
configure:32701: result: yes
configure:32645: checking for setuid
configure:32682: gcc -o conftest -O2 -DLINUX -D_DEFAULT_SOURCE -D_XOPEN_SOURCE=600  conftest.c -lncurses -ltinfo -lssl -lcrypto  >&5
configure:32685: $? = 0
configure:32688: test -s conftest
configure:32691: $? = 0
configure:32701: result: yes
configure:32645: checking for truncate
configure:32682: gcc -o conftest -O2 -DLINUX -D_DEFAULT_SOURCE -D_XOPEN_SOURCE=600  conftest.c -lncurses -ltinfo -lssl -lcrypto  >&5
configure:32685: $? = 0
configure:32688: test -s conftest
configure:32691: $? = 0
configure:32701: result: yes
configure:32645: checking for ttyname
configure:32682: gcc -o conftest -O2 -DLINUX -D_DEFAULT_SOURCE -D_XOPEN_SOURCE=600  conftest.c -lncurses -ltinfo -lssl -lcrypto  >&5
configure:32685: $? = 0
configure:32688: test -s conftest
configure:32691: $? = 0
configure:32701: result: yes
configure:32645: checking for unsetenv
configure:32682: gcc -o conftest -O2 -DLINUX -D_DEFAULT_SOURCE -D_XOPEN_SOURCE=600  conftest.c -lncurses -ltinfo -lssl -lcrypto  >&5
configure:32685: $? = 0
configure:32688: test -s conftest
configure:32691: $? = 0
configure:32701: result: yes
configure:32645: checking for sleep
configure:32682: gcc -o conftest -O2 -DLINUX -D_DEFAULT_SOURCE -D_XOPEN_SOURCE=600  conftest.c -lncurses -ltinfo -lssl -lcrypto  >&5
configure:32685: $? = 0
configure:32688: test -s conftest
configure:32691: $? = 0
configure:32701: result: yes
configure:32645: checking for usleep
configure:32682: gcc -o conftest -O2 -DLINUX -D_DEFAULT_SOURCE -D_XOPEN_SOURCE=600  conftest.c -lncurses -ltinfo -lssl -lcrypto  >&5
configure:32685: $? = 0
configure:32688: test -s conftest
configure:32691: $? = 0
configure:32701: result: yes
configure:32645: checking for waitpid
configure:32682: gcc -o conftest -O2 -DLINUX -D_DEFAULT_SOURCE -D_XOPEN_SOURCE=600  conftest.c -lncurses -ltinfo -lssl -lcrypto  >&5
configure:32685: $? = 0
configure:32688: test -s conftest
configure:32691: $? = 0
configure:32701: result: yes
configure:32715: checking for mkdtemp
configure:32752: gcc -o conftest -O2 -DLINUX -D_DEFAULT_SOURCE -D_XOPEN_SOURCE=600  conftest.c -lncurses -ltinfo -lssl -lcrypto  >&5
configure:32755: $? = 0
configure:32758: test -s conftest
configure:32761: $? = 0
configure:32771: result: yes
configure:32859: checking for mktime
configure:32896: gcc -o conftest -O2 -DLINUX -D_DEFAULT_SOURCE -D_XOPEN_SOURCE=600  conftest.c -lncurses -ltinfo -lssl -lcrypto  >&5
configure:32899: $? = 0
configure:32902: test -s conftest
configure:32905: $? = 0
configure:32915: result: yes
configure:32859: checking for strstr
configure:32896: gcc -o conftest -O2 -DLINUX -D_DEFAULT_SOURCE -D_XOPEN_SOURCE=600  conftest.c -lncurses -ltinfo -lssl -lcrypto  >&5
configure:32876:6: warning: conflicting types for built-in function 'strstr'; expected 'char *(const char *, const char *)' [-Wbuiltin-declaration-mismatch]
32876 |    builtin and then its argument prototype would still apply.  */
      |      ^~~~~~
configure:32868:1: note: 'strstr' is declared in header '<string.h>'
32867 | #define $ac_func autoconf_temporary
  +++ |+#include <string.h>
32868 | #include <limits.h>     /* least-intrusive standard header which defines gcc2 __stub macros */
configure:32899: $? = 0
configure:32902: test -s conftest
configure:32905: $? = 0
configure:32915: result: yes
configure:32859: checking for wcwidth
configure:32896: gcc -o conftest -O2 -DLINUX -D_DEFAULT_SOURCE -D_XOPEN_SOURCE=600  conftest.c -lncurses -ltinfo -lssl -lcrypto  >&5
configure:32899: $? = 0
configure:32902: test -s conftest
configure:32905: $? = 0
configure:32915: result: yes
configure:32930: checking for limits.h
configure:32965: result: yes
configure:32975: checking if you want to use arc4random
configure:32985: result: yes
configure:32990: checking for arc4random
configure:33027: gcc -o conftest -O2 -DLINUX -D_DEFAULT_SOURCE -D_XOPEN_SOURCE=600  conftest.c -lncurses -ltinfo -lssl -lcrypto  >&5
configure:33030: $? = 0
configure:33033: test -s conftest
configure:33036: $? = 0
configure:33046: result: yes
configure:33125: checking for random-integer functions
configure:33162: gcc -o conftest -O2 -DLINUX -D_DEFAULT_SOURCE -D_XOPEN_SOURCE=600  conftest.c -lncurses -ltinfo -lssl -lcrypto  >&5
configure:33165: $? = 0
configure:33168: test -s conftest
configure:33171: $? = 0
configure:33183: result: arc4random_stir/arc4random
configure:33186: checking for range of random-integers
configure:33224: gcc -c -O2 -DLINUX -D_DEFAULT_SOURCE -D_XOPEN_SOURCE=600 conftest.c >&5
configure:33227: $? = 0
configure:33230: test -s conftest.o
configure:33233: $? = 0
configure:33244: result: 0xFFFFFFFFUL
configure:33249: checking if <bsd/stdlib.h> should be included
configure:33270: gcc -c -O2 -DLINUX -D_DEFAULT_SOURCE -D_XOPEN_SOURCE=600 conftest.c >&5
configure:33291:10: fatal error: bsd/stdlib.h: No such file or directory
33291 | #include <limits.h>
      |          ^~~~~~~~~~
compilation terminated.
configure:33273: $? = 1
configure: failed program was:
#line 33252 "configure"
#include "confdefs.h"

#include <stdio.h>
#if HAVE_SYS_TYPES_H
# include <sys/types.h>
#endif
#if HAVE_SYS_STAT_H
# include <sys/stat.h>
#endif
#if STDC_HEADERS
# include <stdlib.h>
# include <stddef.h>
#else
# if HAVE_STDLIB_H
#  include <stdlib.h>
# endif
#endif
#if HAVE_STRING_H
# if !STDC_HEADERS && HAVE_MEMORY_H
#  include <memory.h>
# endif
# include <string.h>
#endif
#if HAVE_STRINGS_H
# include <strings.h>
#endif
#if HAVE_INTTYPES_H
# include <inttypes.h>
#else
# if HAVE_STDINT_H
#  include <stdint.h>
# endif
#endif
#if HAVE_UNISTD_H
# include <unistd.h>
#endif
#ifdef HAVE_LIMITS_H
#include <limits.h>
#endif
#include <bsd/stdlib.h>
int
main (void)
{
void *arc4random(int);
						void *x = arc4random(1); (void)x
  ;
  return 0;
}
configure:33303: gcc -c -O2 -DLINUX -D_DEFAULT_SOURCE -D_XOPEN_SOURCE=600 conftest.c >&5
configure:33325:24: fatal error: bsd/stdlib.h: No such file or directory
33325 |                 if test "$cf_bsd_stdlib_h" = yes
      |                        ^~~~~~~~~~~~~~
compilation terminated.
configure:33306: $? = 1
configure: failed program was:
#line 33286 "configure"
#include "confdefs.h"

#include <stdio.h>
#if HAVE_SYS_TYPES_H
# include <sys/types.h>
#endif
#if HAVE_SYS_STAT_H
# include <sys/stat.h>
#endif
#if STDC_HEADERS
# include <stdlib.h>
# include <stddef.h>
#else
# if HAVE_STDLIB_H
#  include <stdlib.h>
# endif
#endif
#if HAVE_STRING_H
# if !STDC_HEADERS && HAVE_MEMORY_H
#  include <memory.h>
# endif
# include <string.h>
#endif
#if HAVE_STRINGS_H
# include <strings.h>
#endif
#if HAVE_INTTYPES_H
# include <inttypes.h>
#else
# if HAVE_STDINT_H
#  include <stdint.h>
# endif
#endif
#if HAVE_UNISTD_H
# include <unistd.h>
#endif
#ifdef HAVE_LIMITS_H
#include <limits.h>
#endif
#include <bsd/stdlib.h>
int
main (void)
{
unsigned long x = arc4random(); (void)x
  ;
  return 0;
}
configure:33323: result: no
configure:33333: checking if <bsd/random.h> should be included
configure:33354: gcc -c -O2 -DLINUX -D_DEFAULT_SOURCE -D_XOPEN_SOURCE=600 conftest.c >&5
configure:33375:10: fatal error: bsd/random.h: No such file or directory
33375 | {
      |          ^
compilation terminated.
configure:33357: $? = 1
configure: failed program was:
#line 33336 "configure"
#include "confdefs.h"

#include <stdio.h>
#if HAVE_SYS_TYPES_H
# include <sys/types.h>
#endif
#if HAVE_SYS_STAT_H
# include <sys/stat.h>
#endif
#if STDC_HEADERS
# include <stdlib.h>
# include <stddef.h>
#else
# if HAVE_STDLIB_H
#  include <stdlib.h>
# endif
#endif
#if HAVE_STRING_H
# if !STDC_HEADERS && HAVE_MEMORY_H
#  include <memory.h>
# endif
# include <string.h>
#endif
#if HAVE_STRINGS_H
# include <strings.h>
#endif
#if HAVE_INTTYPES_H
# include <inttypes.h>
#else
# if HAVE_STDINT_H
#  include <stdint.h>
# endif
#endif
#if HAVE_UNISTD_H
# include <unistd.h>
#endif
#ifdef HAVE_LIMITS_H
#include <limits.h>
#endif
#include <bsd/random.h>
int
main (void)
{
void *arc4random(int);
							void *x = arc4random(1); (void)x
  ;
  return 0;
}
configure:33382: gcc -c -O2 -DLINUX -D_DEFAULT_SOURCE -D_XOPEN_SOURCE=600 conftest.c >&5
configure:33371:10: fatal error: bsd/random.h: No such file or directory
33371 | #include "confdefs.h"
      |          ^~~~~~~~~~~~
compilation terminated.
configure:33385: $? = 1
configure: failed program was:
#line 33370 "configure"
#include "confdefs.h"
#include <bsd/random.h>
int
main (void)
{
unsigned long x = arc4random(); (void)x
  ;
  return 0;
}
configure:33402: result: no
configure:33412: WARNING: no header file found for arc4random
configure:33447: checking for sleep declaration
configure:33469: gcc -c -O2 -DLINUX -D_DEFAULT_SOURCE -D_XOPEN_SOURCE=600 conftest.c >&5
configure: In function 'main':
configure:33494:12: error: conflicting types for 'sleep'; have 'int(void)'
33494 | _ACEOF
      |            ^
In file included from configure:33487:
/usr/include/unistd.h:464:21: note: previous declaration of 'sleep' with type 'unsigned int(unsigned int)'
  464 | extern unsigned int sleep (unsigned int __seconds);
      |                     ^~~~~
configure:33472: $? = 1
configure: failed program was:
#line 33453 "configure"
#include "confdefs.h"

#include <stdio.h>
#if HAVE_SYS_TYPES_H
# include <sys/types.h>
#endif
#if HAVE_SYS_STAT_H
# include <sys/stat.h>
#endif
#if STDC_HEADERS
# include <stdlib.h>
# include <stddef.h>
#else
# if HAVE_STDLIB_H
#  include <stdlib.h>
# endif
#endif
#if HAVE_STRING_H
# if !STDC_HEADERS && HAVE_MEMORY_H
#  include <memory.h>
# endif
# include <string.h>
#endif
#if HAVE_STRINGS_H
# include <strings.h>
#endif
#if HAVE_INTTYPES_H
# include <inttypes.h>
#else
# if HAVE_STDINT_H
#  include <stdint.h>
# endif
#endif
#if HAVE_UNISTD_H
# include <unistd.h>
#endif

int
main (void)
{
#ifndef sleep
extern	int	sleep(void);
#endif
  ;
  return 0;
}
configure:33526: result: yes
configure:33545: checking for strstr declaration
configure:33567: gcc -c -O2 -DLINUX -D_DEFAULT_SOURCE -D_XOPEN_SOURCE=600 conftest.c >&5
configure: In function 'main':
configure:33592:12: error: conflicting types for 'strstr'; have 'int(void)'
33592 | _ACEOF
      |            ^
In file included from configure:33572:
/usr/include/string.h:350:14: note: previous declaration of 'strstr' with type 'char *(const char *, const char *)'
  350 | extern char *strstr (const char *__haystack, const char *__needle)
      |              ^~~~~~
configure:33570: $? = 1
configure: failed program was:
#line 33551 "configure"
#include "confdefs.h"

#include <stdio.h>
#if HAVE_SYS_TYPES_H
# include <sys/types.h>
#endif
#if HAVE_SYS_STAT_H
# include <sys/stat.h>
#endif
#if STDC_HEADERS
# include <stdlib.h>
# include <stddef.h>
#else
# if HAVE_STDLIB_H
#  include <stdlib.h>
# endif
#endif
#if HAVE_STRING_H
# if !STDC_HEADERS && HAVE_MEMORY_H
#  include <memory.h>
# endif
# include <string.h>
#endif
#if HAVE_STRINGS_H
# include <strings.h>
#endif
#if HAVE_INTTYPES_H
# include <inttypes.h>
#else
# if HAVE_STDINT_H
#  include <stdint.h>
# endif
#endif
#if HAVE_UNISTD_H
# include <unistd.h>
#endif
#include <string.h>
int
main (void)
{
#ifndef strstr
extern	int	strstr(void);
#endif
  ;
  return 0;
}
configure:33624: result: yes
configure:33643: checking for getgrgid declaration
configure:33665: gcc -c -O2 -DLINUX -D_DEFAULT_SOURCE -D_XOPEN_SOURCE=600 conftest.c >&5
configure: In function 'main':
configure:33690:12: error: conflicting types for 'getgrgid'; have 'int(void)'
33690 | _ACEOF
      |            ^
In file included from configure:33685:
/usr/include/grp.h:101:22: note: previous declaration of 'getgrgid' with type 'struct group *(__gid_t)' {aka 'struct group *(unsigned int)'}
  101 | extern struct group *getgrgid (__gid_t __gid);
      |                      ^~~~~~~~
configure:33668: $? = 1
configure: failed program was:
#line 33649 "configure"
#include "confdefs.h"

#include <stdio.h>
#if HAVE_SYS_TYPES_H
# include <sys/types.h>
#endif
#if HAVE_SYS_STAT_H
# include <sys/stat.h>
#endif
#if STDC_HEADERS
# include <stdlib.h>
# include <stddef.h>
#else
# if HAVE_STDLIB_H
#  include <stdlib.h>
# endif
#endif
#if HAVE_STRING_H
# if !STDC_HEADERS && HAVE_MEMORY_H
#  include <memory.h>
# endif
# include <string.h>
#endif
#if HAVE_STRINGS_H
# include <strings.h>
#endif
#if HAVE_INTTYPES_H
# include <inttypes.h>
#else
# if HAVE_STDINT_H
#  include <stdint.h>
# endif
#endif
#if HAVE_UNISTD_H
# include <unistd.h>
#endif
#include <grp.h>
int
main (void)
{
#ifndef getgrgid
extern	int	getgrgid(void);
#endif
  ;
  return 0;
}
configure:33722: result: yes
configure:33643: checking for getgrnam declaration
configure:33665: gcc -c -O2 -DLINUX -D_DEFAULT_SOURCE -D_XOPEN_SOURCE=600 conftest.c >&5
configure: In function 'main':
configure:33690:12: error: conflicting types for 'getgrnam'; have 'int(void)'
33690 | _ACEOF
      |            ^
In file included from configure:33685:
/usr/include/grp.h:107:22: note: previous declaration of 'getgrnam' with type 'struct group *(const char *)'
  107 | extern struct group *getgrnam (const char *__name);
      |                      ^~~~~~~~
configure:33668: $? = 1
configure: failed program was:
#line 33649 "configure"
#include "confdefs.h"

#include <stdio.h>
#if HAVE_SYS_TYPES_H
# include <sys/types.h>
#endif
#if HAVE_SYS_STAT_H
# include <sys/stat.h>
#endif
#if STDC_HEADERS
# include <stdlib.h>
# include <stddef.h>
#else
# if HAVE_STDLIB_H
#  include <stdlib.h>
# endif
#endif
#if HAVE_STRING_H
# if !STDC_HEADERS && HAVE_MEMORY_H
#  include <memory.h>
# endif
# include <string.h>
#endif
#if HAVE_STRINGS_H
# include <strings.h>
#endif
#if HAVE_INTTYPES_H
# include <inttypes.h>
#else
# if HAVE_STDINT_H
#  include <stdint.h>
# endif
#endif
#if HAVE_UNISTD_H
# include <unistd.h>
#endif
#include <grp.h>
int
main (void)
{
#ifndef getgrnam
extern	int	getgrnam(void);
#endif
  ;
  return 0;
}
configure:33722: result: yes
configure:33738: checking if TRUE/FALSE are defined
configure:33759: gcc -c -O2 -DLINUX -D_DEFAULT_SOURCE -D_XOPEN_SOURCE=600 conftest.c >&5
configure:33762: $? = 0
configure:33765: test -s conftest.o
configure:33768: $? = 0
configure:33779: result: yes
configure:33793: checking if external errno is declared
configure:33814: gcc -c -O2 -DLINUX -D_DEFAULT_SOURCE -D_XOPEN_SOURCE=600 conftest.c >&5
configure:33817: $? = 0
configure:33820: test -s conftest.o
configure:33823: $? = 0
configure:33834: result: yes
configure:33849: checking if external errno exists
configure:33871: gcc -o conftest -O2 -DLINUX -D_DEFAULT_SOURCE -D_XOPEN_SOURCE=600  conftest.c -lncurses -ltinfo -lssl -lcrypto  >&5
/usr/bin/ld: errno: TLS definition in /lib/x86_64-linux-gnu/libc.so.6 section .tbss mismatches non-TLS reference in /tmp/ccOoNOiy.o
/usr/bin/ld: /lib/x86_64-linux-gnu/libc.so.6: error adding symbols: bad value
collect2: error: ld returned 1 exit status
configure:33874: $? = 1
configure: failed program was:
#line 33856 "configure"
#include "confdefs.h"

#undef errno
extern int errno;

int
main (void)
{
errno = 2
  ;
  return 0;
}
configure:33891: result: no
configure:33904: checking if we can set errno
configure:33958: gcc -o conftest -O2 -DLINUX -D_DEFAULT_SOURCE -D_XOPEN_SOURCE=600  conftest.c -lncurses -ltinfo -lssl -lcrypto  >&5
configure:33961: $? = 0
configure:33963: ./conftest
configure:33966: $? = 0
configure:33979: result: yes
configure:33986: checking for setlocale()
configure:34007: gcc -o conftest -O2 -DLINUX -D_DEFAULT_SOURCE -D_XOPEN_SOURCE=600  conftest.c -lncurses -ltinfo -lssl -lcrypto  >&5
configure:34010: $? = 0
configure:34013: test -s conftest
configure:34016: $? = 0
configure:34028: result: yes
configure:34039: checking for sys/param.h
configure:34074: result: yes
configure:34039: checking for limits.h
configure:34074: result: yes
configure:34084: checking if NGROUPS is defined
configure:34110: gcc -c -O2 -DLINUX -D_DEFAULT_SOURCE -D_XOPEN_SOURCE=600 conftest.c >&5
configure:34113: $? = 0
configure:34116: test -s conftest.o
configure:34119: $? = 0
configure:34166: result: yes
configure:34187: checking for strerror
configure:34224: gcc -o conftest -O2 -DLINUX -D_DEFAULT_SOURCE -D_XOPEN_SOURCE=600  conftest.c -lncurses -ltinfo -lssl -lcrypto  >&5
configure:34227: $? = 0
configure:34230: test -s conftest
configure:34233: $? = 0
configure:34243: result: yes
configure:34480: checking for lastlog.h
configure:34490: gcc -E -C -DLINUX -D_DEFAULT_SOURCE -D_XOPEN_SOURCE=600 conftest.c
configure:34496: $? = 0
configure:34515: result: yes
configure:34480: checking for paths.h
configure:34490: gcc -E -C -DLINUX -D_DEFAULT_SOURCE -D_XOPEN_SOURCE=600 conftest.c
configure:34496: $? = 0
configure:34515: result: yes
configure:34525: checking for lastlog path
configure:34552: gcc -c -O2 -DLINUX -D_DEFAULT_SOURCE -D_XOPEN_SOURCE=600 conftest.c >&5
configure:34555: $? = 0
configure:34558: test -s conftest.o
configure:34561: $? = 0
configure:34576: result: _PATH_LASTLOG
configure:34583: checking for utmp implementation
configure:34616: gcc -c -O2 -DLINUX -D_DEFAULT_SOURCE -D_XOPEN_SOURCE=600 conftest.c >&5
configure:34604:18: error: conflicting types for 'getutxent'; have 'struct utmp *(void)'
34604 | main (void)
      |                  ^
In file included from configure:34603:
/usr/include/utmpx.h:65:22: note: previous declaration of 'getutxent' with type 'struct utmpx *(void)'
   65 | extern struct utmpx *getutxent (void);
      |                      ^~~~~~~~~
configure:34619: $? = 1
configure: failed program was:
#line 34600 "configure"
#include "confdefs.h"

#include <sys/types.h>
#include <utmpx.h>
#define getutent getutxent
#ifdef USE_LASTLOG
#include <lastlog.h>	/* may conflict with utmpx.h on Linux */
#endif

int
main (void)
{
struct utmpx x;
	 char *name = x.ut_name; /* utmp.h and compatible definitions */
	 (void)x;
	 (void)name;

  ;
  return 0;
}
configure:34650: gcc -c -O2 -DLINUX -D_DEFAULT_SOURCE -D_XOPEN_SOURCE=600 conftest.c >&5
configure:34638:18: error: conflicting types for 'getutxent'; have 'struct utmp *(void)'
34638 | main (void)
      |                  ^
In file included from configure:34637:
/usr/include/utmpx.h:65:22: note: previous declaration of 'getutxent' with type 'struct utmpx *(void)'
   65 | extern struct utmpx *getutxent (void);
      |                      ^~~~~~~~~
configure:34653: $? = 1
configure: failed program was:
#line 34634 "configure"
#include "confdefs.h"

#include <sys/types.h>
#include <utmpx.h>
#define getutent getutxent
#ifdef USE_LASTLOG
#include <lastlog.h>	/* may conflict with utmpx.h on Linux */
#endif

int
main (void)
{
struct utmpx x;
	 char *name = x.ut_user; /* utmpx.h must declare this */
	 (void)x;
	 (void)name;

  ;
  return 0;
}
configure:34616: gcc -c -O2 -DLINUX -D_DEFAULT_SOURCE -D_XOPEN_SOURCE=600 conftest.c >&5
configure:34619: $? = 0
configure:34622: test -s conftest.o
configure:34625: $? = 0
configure:34674: result: utmp
configure:34689: checking if utmp.ut_host is declared
configure:34713: gcc -c -O2 -DLINUX -D_DEFAULT_SOURCE -D_XOPEN_SOURCE=600 conftest.c >&5
configure:34716: $? = 0
configure:34719: test -s conftest.o
configure:34722: $? = 0
configure:34734: result: yes
configure:34744: checking if utmp.ut_syslen is declared
configure:34768: gcc -c -O2 -DLINUX -D_DEFAULT_SOURCE -D_XOPEN_SOURCE=600 conftest.c >&5
configure: In function 'main':
configure:34759:12: error: 'struct utmp' has no member named 'ut_syslen'
34759 | struct $cf_cv_have_utmp x;
      |            ^
configure:34771: $? = 1
configure: failed program was:
#line 34751 "configure"
#include "confdefs.h"

#include <sys/types.h>
#include <utmp.h>
int
main (void)
{
struct utmp x;
	 int y = x.ut_syslen;
	 (void)x;
	 (void)y
  ;
  return 0;
}
configure:34789: result: no
configure:34799: checking if utmp.ut_name is declared
configure:34832: gcc -c -O2 -DLINUX -D_DEFAULT_SOURCE -D_XOPEN_SOURCE=600 conftest.c >&5
configure:34835: $? = 0
configure:34838: test -s conftest.o
configure:34841: $? = 0
configure:34853: result: ut_name
configure:34873: checking for exit-status in utmp
configure:34903: gcc -c -O2 -DLINUX -D_DEFAULT_SOURCE -D_XOPEN_SOURCE=600 conftest.c >&5
configure: In function 'main':
configure:34894:22: error: 'struct exit_status' has no member named '__e_exit'; did you mean 'e_exit'?
34894 | struct $cf_cv_have_utmp x;
      |                      ^~~~~
      |                      e_exit
configure:34906: $? = 1
configure: failed program was:
#line 34886 "configure"
#include "confdefs.h"

#include <sys/types.h>
#include <utmp.h>
int
main (void)
{
struct utmp x;
	 long y = x.ut_exit.__e_exit = 0;
	 (void)x;
	 (void)y
  ;
  return 0;
}
configure:34903: gcc -c -O2 -DLINUX -D_DEFAULT_SOURCE -D_XOPEN_SOURCE=600 conftest.c >&5
configure:34906: $? = 0
configure:34909: test -s conftest.o
configure:34912: $? = 0
configure:34925: result: ut_exit.e_exit
configure:34941: checking if utmp.ut_xtime is declared
configure:34965: gcc -c -O2 -DLINUX -D_DEFAULT_SOURCE -D_XOPEN_SOURCE=600 conftest.c >&5
configure:34968: $? = 0
configure:34971: test -s conftest.o
configure:34974: $? = 0
configure:35021: result: yes
configure:35040: checking if utmp.ut_session is declared
configure:35064: gcc -c -O2 -DLINUX -D_DEFAULT_SOURCE -D_XOPEN_SOURCE=600 conftest.c >&5
configure:35067: $? = 0
configure:35070: test -s conftest.o
configure:35073: $? = 0
configure:35084: result: yes
configure:35095: checking if utmp is SYSV flavor
configure:35122: gcc -o conftest -O2 -DLINUX -D_DEFAULT_SOURCE -D_XOPEN_SOURCE=600  conftest.c -lncurses -ltinfo -lssl -lcrypto  >&5
configure:35125: $? = 0
configure:35128: test -s conftest
configure:35131: $? = 0
configure:35142: result: yes
configure:35151: checking if external h_errno exists
configure:35173: gcc -o conftest -O2 -DLINUX -D_DEFAULT_SOURCE -D_XOPEN_SOURCE=600  conftest.c -lncurses -ltinfo -lssl -lcrypto  >&5
/usr/bin/ld: /tmp/ccUXrVRD.o: warning: relocation against `h_errno' in read-only section `.text.startup'
/usr/bin/ld: /tmp/ccUXrVRD.o: in function `main':
conftest.c:(.text.startup+0x6): undefined reference to `h_errno'
/usr/bin/ld: warning: creating DT_TEXTREL in a PIE
collect2: error: ld returned 1 exit status
configure:35176: $? = 1
configure: failed program was:
#line 35158 "configure"
#include "confdefs.h"

#undef h_errno
extern int h_errno;

int
main (void)
{
h_errno = 2
  ;
  return 0;
}
configure:35193: result: no
configure:35206: checking if bibp: URLs should be supported
configure:35223: result: yes
configure:35230: checking if configuration info should be browsable
configure:35247: result: yes
configure:35254: checking if new-style forms-based options screen should be used
configure:35271: result: yes
configure:35278: checking if old-style options menu should be used
configure:35295: result: yes
configure:35302: checking if sessions code should be used
configure:35319: result: yes
configure:35330: checking if session-caching code should be used
configure:35347: result: yes
configure:35357: checking if address-list page should be used
configure:35374: result: yes
configure:35381: checking if support for CJK should be used
configure:35398: result: yes
configure:35664: checking for iconv
configure:36073: result: yes
configure:36082: checking if the declaration of iconv() needs const.
configure:36133: result: no
configure:36269: checking if experimental support for Chinese UTF-8 should be used
configure:36286: result: yes
configure:36297: checking if support for Japanese UTF-8 should be used
configure:36314: result: yes
configure:36347: checking if you want to use default-colors
configure:36364: result: yes
configure:36373: checking if experimental keyboard-layout logic should be used
configure:36390: result: no
configure:36397: checking if experimental nested-table logic should be used
configure:36414: result: yes
configure:36421: checking if alternative line-edit bindings should be used
configure:36438: result: yes
configure:36445: checking if ascii case-conversion should be used
configure:36462: result: yes
configure:36469: checking if you want to use extended HTML DTD logic
configure:36486: result: yes
configure:36493: checking if file-upload logic should be used
configure:36510: result: yes
configure:36517: checking if IDNA support should be used
configure:36534: result: yes
configure:36795: testing Starting FIND_LINKAGE(idn2,) ...
configure:36819: gcc -o conftest -O2 -DLINUX -D_DEFAULT_SOURCE -D_XOPEN_SOURCE=600  conftest.c  -lncurses -ltinfo -lssl -lcrypto  >&5
configure:36836:10: fatal error: idn2.h: No such file or directory
36836 |   echo "$as_me: failed program was:" >&5
      |          ^~~~~~~~
compilation terminated.
configure:36822: $? = 1
configure: failed program was:
#line 36800 "configure"
#include "confdefs.h"

#include <stdio.h>
#if HAVE_SYS_TYPES_H
# include <sys/types.h>
#endif
#if HAVE_SYS_STAT_H
# include <sys/stat.h>
#endif
#if STDC_HEADERS
# include <stdlib.h>
# include <stddef.h>
#else
# if HAVE_STDLIB_H
#  include <stdlib.h>
# endif
#endif
#if HAVE_STRING_H
# if !STDC_HEADERS && HAVE_MEMORY_H
#  include <memory.h>
# endif
# include <string.h>
#endif
#if HAVE_STRINGS_H
# include <strings.h>
#endif
#if HAVE_INTTYPES_H
# include <inttypes.h>
#else
# if HAVE_STDINT_H
#  include <stdint.h>
# endif
#endif
#if HAVE_UNISTD_H
# include <unistd.h>
#endif
#include <idn2.h>

int
main (void)
{

	char *output = (char*)0;
	int code = idn2_to_ascii_8z("name", &output, IDN2_USE_STD3_ASCII_RULES);
	(void) code;

  ;
  return 0;
}
configure:36861: gcc -o conftest -O2 -DLINUX -D_DEFAULT_SOURCE -D_XOPEN_SOURCE=600  conftest.c -lidn2   -lncurses -ltinfo -lssl -lcrypto  >&5
configure:36878:10: fatal error: idn2.h: No such file or directory
36878 | else
      |          ^
compilation terminated.
configure:36864: $? = 1
configure: failed program was:
#line 36842 "configure"
#include "confdefs.h"

#include <stdio.h>
#if HAVE_SYS_TYPES_H
# include <sys/types.h>
#endif
#if HAVE_SYS_STAT_H
# include <sys/stat.h>
#endif
#if STDC_HEADERS
# include <stdlib.h>
# include <stddef.h>
#else
# if HAVE_STDLIB_H
#  include <stdlib.h>
# endif
#endif
#if HAVE_STRING_H
# if !STDC_HEADERS && HAVE_MEMORY_H
#  include <memory.h>
# endif
# include <string.h>
#endif
#if HAVE_STRINGS_H
# include <strings.h>
#endif
#if HAVE_INTTYPES_H
# include <inttypes.h>
#else
# if HAVE_STDINT_H
#  include <stdint.h>
# endif
#endif
#if HAVE_UNISTD_H
# include <unistd.h>
#endif
#include <idn2.h>

int
main (void)
{

	char *output = (char*)0;
	int code = idn2_to_ascii_8z("name", &output, IDN2_USE_STD3_ASCII_RULES);
	(void) code;

  ;
  return 0;
}
configure:36887: testing find linkage for idn2 library ...
configure:36889: testing Searching for headers in FIND_LINKAGE(idn2,) ...
configure:36980: testing ... testing /usr/include ...
configure:37007: gcc -c -O2 -DLINUX -D_DEFAULT_SOURCE -D_XOPEN_SOURCE=600 -I/usr/include conftest.c >&5
configure:37024:38: fatal error: idn2.h: No such file or directory
37024 |                                 cf_test_CPPFLAGS="$CPPFLAGS"
      |                                      ^~~~~~~~
compilation terminated.
configure:37010: $? = 1
configure: failed program was:
#line 36988 "configure"
#include "confdefs.h"

#include <stdio.h>
#if HAVE_SYS_TYPES_H
# include <sys/types.h>
#endif
#if HAVE_SYS_STAT_H
# include <sys/stat.h>
#endif
#if STDC_HEADERS
# include <stdlib.h>
# include <stddef.h>
#else
# if HAVE_STDLIB_H
#  include <stdlib.h>
# endif
#endif
#if HAVE_STRING_H
# if !STDC_HEADERS && HAVE_MEMORY_H
#  include <memory.h>
# endif
# include <string.h>
#endif
#if HAVE_STRINGS_H
# include <strings.h>
#endif
#if HAVE_INTTYPES_H
# include <inttypes.h>
#else
# if HAVE_STDINT_H
#  include <stdint.h>
# endif
#endif
#if HAVE_UNISTD_H
# include <unistd.h>
#endif
#include <idn2.h>

int
main (void)
{

	char *output = (char*)0;
	int code = idn2_to_ascii_8z("name", &output, IDN2_USE_STD3_ASCII_RULES);
	(void) code;

  ;
  return 0;
}
configure:36980: testing ... testing /usr/local/include ...
configure:37007: gcc -c -O2 -DLINUX -D_DEFAULT_SOURCE -D_XOPEN_SOURCE=600 -I/usr/local/include conftest.c >&5
configure:37024:38: fatal error: idn2.h: No such file or directory
37024 |                                 cf_test_CPPFLAGS="$CPPFLAGS"
      |                                      ^~~~~~~~
compilation terminated.
configure:37010: $? = 1
configure: failed program was:
#line 36988 "configure"
#include "confdefs.h"

#include <stdio.h>
#if HAVE_SYS_TYPES_H
# include <sys/types.h>
#endif
#if HAVE_SYS_STAT_H
# include <sys/stat.h>
#endif
#if STDC_HEADERS
# include <stdlib.h>
# include <stddef.h>
#else
# if HAVE_STDLIB_H
#  include <stdlib.h>
# endif
#endif
#if HAVE_STRING_H
# if !STDC_HEADERS && HAVE_MEMORY_H
#  include <memory.h>
# endif
# include <string.h>
#endif
#if HAVE_STRINGS_H
# include <strings.h>
#endif
#if HAVE_INTTYPES_H
# include <inttypes.h>
#else
# if HAVE_STDINT_H
#  include <stdint.h>
# endif
#endif
#if HAVE_UNISTD_H
# include <unistd.h>
#endif
#include <idn2.h>

int
main (void)
{

	char *output = (char*)0;
	int code = idn2_to_ascii_8z("name", &output, IDN2_USE_STD3_ASCII_RULES);
	(void) code;

  ;
  return 0;
}
configure:37316: testing unsuccessful, will try idn (older) ...
configure:37336: testing Starting FIND_LINKAGE(idn,) ...
configure:37360: gcc -o conftest -O2 -DLINUX -D_DEFAULT_SOURCE -D_XOPEN_SOURCE=600  conftest.c  -lncurses -ltinfo -lssl -lcrypto  >&5
configure:37344:10: fatal error: idna.h: No such file or directory
37344 | #include <stdio.h>
      |          ^~~~~~~~
compilation terminated.
configure:37363: $? = 1
configure: failed program was:
#line 37341 "configure"
#include "confdefs.h"

#include <stdio.h>
#include <idna.h>

int
main (void)
{

	char *output = 0;
	int code = idna_to_ascii_8z("name", &output, IDNA_USE_STD3_ASCII_RULES);
	(void) code;

  ;
  return 0;
}
configure:37402: gcc -o conftest -O2 -DLINUX -D_DEFAULT_SOURCE -D_XOPEN_SOURCE=600  conftest.c -lidn   -lncurses -ltinfo -lssl -lcrypto  >&5
configure:37386:10: fatal error: idna.h: No such file or directory
37386 | #include <stdio.h>
      |          ^~~~~~~~
compilation terminated.
configure:37405: $? = 1
configure: failed program was:
#line 37383 "configure"
#include "confdefs.h"

#include <stdio.h>
#include <idna.h>

int
main (void)
{

	char *output = 0;
	int code = idna_to_ascii_8z("name", &output, IDNA_USE_STD3_ASCII_RULES);
	(void) code;

  ;
  return 0;
}
configure:37428: testing find linkage for idn library ...
configure:37430: testing Searching for headers in FIND_LINKAGE(idn,) ...
configure:37521: testing ... testing /usr/include ...
configure:37548: gcc -c -O2 -DLINUX -D_DEFAULT_SOURCE -D_XOPEN_SOURCE=600 -I/usr/include conftest.c >&5
configure:37532:10: fatal error: idna.h: No such file or directory
37532 | #include <stdio.h>
      |          ^~~~~~~~
compilation terminated.
configure:37551: $? = 1
configure: failed program was:
#line 37529 "configure"
#include "confdefs.h"

#include <stdio.h>
#include <idna.h>

int
main (void)
{

	char *output = 0;
	int code = idna_to_ascii_8z("name", &output, IDNA_USE_STD3_ASCII_RULES);
	(void) code;

  ;
  return 0;
}
configure:37521: testing ... testing /usr/local/include ...
configure:37548: gcc -c -O2 -DLINUX -D_DEFAULT_SOURCE -D_XOPEN_SOURCE=600 -I/usr/local/include conftest.c >&5
configure:37532:10: fatal error: idna.h: No such file or directory
37532 | #include <stdio.h>
      |          ^~~~~~~~
compilation terminated.
configure:37551: $? = 1
configure: failed program was:
#line 37529 "configure"
#include "confdefs.h"

#include <stdio.h>
#include <idna.h>

int
main (void)
{

	char *output = 0;
	int code = idna_to_ascii_8z("name", &output, IDNA_USE_STD3_ASCII_RULES);
	(void) code;

  ;
  return 0;
}
configure:37855: WARNING: Cannot find idn library
configure:37873: checking if element-justification logic should be used
configure:37890: result: yes
configure:37897: checking if partial-display should be used
configure:37914: result: yes
configure:37921: checking if persistent-cookie logic should be used
configure:37938: result: yes
configure:37945: checking if html source should be colorized
configure:37962: result: yes
configure:37969: checking if progress-bar code should be used
configure:37986: result: yes
configure:37993: checking if read-progress message should show ETA
configure:38010: result: yes
configure:38017: checking if source caching should be used
configure:38034: result: yes
configure:38041: checking if scrollbar code should be used
configure:38058: result: yes
configure:38061: checking if charset-selection logic should be used
configure:38078: result: no
configure:38085: checking if you want to use external commands
configure:38102: result: no
configure:38113: checking if you want to use setfont support
configure:38130: result: no
configure:38270: checking if you want cgi-link support
configure:38287: result: no
configure:38290: checking if you want change-exec support
configure:38307: result: no
configure:38314: checking if you want exec-links support
configure:38331: result: no
configure:38338: checking if you want exec-scripts support
configure:38355: result: no
configure:38362: checking if you want internal-links feature
configure:38379: result: no
configure:38386: checking if you want to fork NSL requests
configure:38403: result: no
configure:38424: checking if you want to log URL requests via syslog
configure:38441: result: no
configure:38448: checking if you want to underline links
configure:38465: result: no
configure:38477: checking if htmlized lynx.cfg should be built
configure:38494: result: no
configure:38505: checking if local doc directory should be linked to help page
configure:38522: result: no
configure:38530: checking if help files should be gzip'ed
configure:38547: result: no
configure:38552: checking for groff
configure:38581: result: no
configure:38592: checking for nroff
configure:38623: result: no
configure:38592: checking for mandoc
configure:38623: result: no
configure:38633: checking for tbl
configure:38662: result: cat
configure:38685: checking for man2html
configure:38714: result: no
configure:38741: checking for program to convert manpage to html
configure:38800: result: no
configure:38951: checking if you want to use libbz2 for decompression of some bzip2 files
configure:38961: result: yes
configure:39222: testing Starting FIND_LINKAGE(bz2,bzlib) ...
configure:39244: gcc -o conftest -O2 -DLINUX -D_DEFAULT_SOURCE -D_XOPEN_SOURCE=600  conftest.c  -lncurses -ltinfo -lssl -lcrypto  >&5
/usr/bin/ld: /tmp/cc4jjbUL.o: in function `main':
conftest.c:(.text.startup+0x17): undefined reference to `BZ2_bzopen'
collect2: error: ld returned 1 exit status
configure:39247: $? = 1
configure: failed program was:
#line 39227 "configure"
#include "confdefs.h"

#include <stdio.h>
#include <bzlib.h>

int
main (void)
{

    BZ2_bzopen("name","mode")

  ;
  return 0;
}
configure:39284: gcc -o conftest -O2 -DLINUX -D_DEFAULT_SOURCE -D_XOPEN_SOURCE=600  conftest.c -lbz2   -lncurses -ltinfo -lssl -lcrypto  >&5
configure:39287: $? = 0
configure:39290: test -s conftest
configure:39293: $? = 0
configure:39789: checking if you want to use zlib for decompression of some gzip files
configure:39799: result: yes
configure:40060: testing Starting FIND_LINKAGE(z,zlib) ...
configure:40081: gcc -o conftest -O2 -DLINUX -D_DEFAULT_SOURCE -D_XOPEN_SOURCE=600  conftest.c -lbz2  -lncurses -ltinfo -lssl -lcrypto  >&5
/usr/bin/ld: /tmp/ccFTQnOc.o: in function `main':
conftest.c:(.text.startup+0x17): undefined reference to `gzopen'
collect2: error: ld returned 1 exit status
configure:40084: $? = 1
configure: failed program was:
#line 40065 "configure"
#include "confdefs.h"

#include <zlib.h>

int
main (void)
{

	gzopen("name","mode")

  ;
  return 0;
}
configure:40120: gcc -o conftest -O2 -DLINUX -D_DEFAULT_SOURCE -D_XOPEN_SOURCE=600  conftest.c -lz  -lbz2  -lncurses -ltinfo -lssl -lcrypto  >&5
configure:40123: $? = 0
configure:40126: test -s conftest
configure:40129: $? = 0
configure:40620: checking for zError
configure:40657: gcc -o conftest -O2 -DLINUX -D_DEFAULT_SOURCE -D_XOPEN_SOURCE=600  conftest.c -lz -lbz2  -lncurses -ltinfo -lssl -lcrypto  >&5
configure:40660: $? = 0
configure:40663: test -s conftest
configure:40666: $? = 0
configure:40676: result: yes
configure:40693: checking if you want to use brotli decompression
configure:40703: result: yes
configure:40964: testing Starting FIND_LINKAGE(brotlidec,brotlilib) ...
configure:40993: gcc -o conftest -O2 -DLINUX -D_DEFAULT_SOURCE -D_XOPEN_SOURCE=600  conftest.c -lz -lbz2  -lncurses -ltinfo -lssl -lcrypto  >&5
/usr/bin/ld: /tmp/ccTVWoSp.o: in function `main':
conftest.c:(.text.startup+0x17): undefined reference to `BrotliDecoderDecompressStream'
collect2: error: ld returned 1 exit status
configure:40996: $? = 1
configure: failed program was:
#line 40969 "configure"
#include "confdefs.h"

#include <stdio.h>
#if HAVE_SYS_TYPES_H
# include <sys/types.h>
#endif
#if HAVE_SYS_STAT_H
# include <sys/stat.h>
#endif
#if STDC_HEADERS
# include <stdlib.h>
# include <stddef.h>
#else
# if HAVE_STDLIB_H
#  include <stdlib.h>
# endif
#endif
#if HAVE_STRING_H
# if !STDC_HEADERS && HAVE_MEMORY_H
#  include <memory.h>
# endif
# include <string.h>
#endif
#if HAVE_STRINGS_H
# include <strings.h>
#endif
#if HAVE_INTTYPES_H
# include <inttypes.h>
#else
# if HAVE_STDINT_H
#  include <stdint.h>
# endif
#endif
#if HAVE_UNISTD_H
# include <unistd.h>
#endif
#include <brotli/decode.h>

int
main (void)
{

    BrotliDecoderDecompressStream(
		NULL,	/* BrotliDecoderState* state */
		NULL,	/* size_t* available_in */
		NULL,	/* const uint8_t** next_in */
		NULL,	/* size_t* available_out */
		NULL,	/* uint8_t** next_out */
		NULL	/* size_t* total_out */
	);

  ;
  return 0;
}
configure:41040: gcc -o conftest -O2 -DLINUX -D_DEFAULT_SOURCE -D_XOPEN_SOURCE=600  conftest.c -lbrotlidec  -lz -lbz2  -lncurses -ltinfo -lssl -lcrypto  >&5
configure:41043: $? = 0
configure:41046: test -s conftest
configure:41049: $? = 0
configure:41566: checking if you want to use zstd decompression
configure:41576: result: yes
configure:41837: testing Starting FIND_LINKAGE(zstd,zstd) ...
configure:41863: gcc -o conftest -O2 -DLINUX -D_DEFAULT_SOURCE -D_XOPEN_SOURCE=600  conftest.c -lbrotlidec -lz -lbz2  -lncurses -ltinfo -lssl -lcrypto  >&5
configure:41844:10: fatal error: zstd.h: No such file or directory
41844 |
      |          ^
compilation terminated.
configure:41866: $? = 1
configure: failed program was:
#line 41842 "configure"
#include "confdefs.h"

#include <zstd.h>

int
main (void)
{

    ZSTD_DStream *izsp = ZSTD_createDStream();
    ZSTD_inBuffer ib;
    ZSTD_outBuffer ob;
    ZSTD_initDStream(izsp);
    ZSTD_decompressStream(izsp, &ob, &ib);
    ZSTD_freeDStream(izsp);

  ;
  return 0;
}
configure:41907: gcc -o conftest -O2 -DLINUX -D_DEFAULT_SOURCE -D_XOPEN_SOURCE=600  conftest.c -lzstd  -lbrotlidec -lz -lbz2  -lncurses -ltinfo -lssl -lcrypto  >&5
configure:41888:10: fatal error: zstd.h: No such file or directory
41888 |
      |          ^
compilation terminated.
configure:41910: $? = 1
configure: failed program was:
#line 41886 "configure"
#include "confdefs.h"

#include <zstd.h>

int
main (void)
{

    ZSTD_DStream *izsp = ZSTD_createDStream();
    ZSTD_inBuffer ib;
    ZSTD_outBuffer ob;
    ZSTD_initDStream(izsp);
    ZSTD_decompressStream(izsp, &ob, &ib);
    ZSTD_freeDStream(izsp);

  ;
  return 0;
}
configure:41933: testing find linkage for zstd library ...
configure:41935: testing Searching for headers in FIND_LINKAGE(zstd,zstd) ...
configure:42026: testing ... testing /usr/include ...
configure:42055: gcc -c -O2 -DLINUX -D_DEFAULT_SOURCE -D_XOPEN_SOURCE=600 -I/usr/include conftest.c >&5
configure:42036:10: fatal error: zstd.h: No such file or directory
42036 |
      |          ^
compilation terminated.
configure:42058: $? = 1
configure: failed program was:
#line 42034 "configure"
#include "confdefs.h"

#include <zstd.h>

int
main (void)
{

    ZSTD_DStream *izsp = ZSTD_createDStream();
    ZSTD_inBuffer ib;
    ZSTD_outBuffer ob;
    ZSTD_initDStream(izsp);
    ZSTD_decompressStream(izsp, &ob, &ib);
    ZSTD_freeDStream(izsp);

  ;
  return 0;
}
configure:42026: testing ... testing /usr/local/include ...
configure:42055: gcc -c -O2 -DLINUX -D_DEFAULT_SOURCE -D_XOPEN_SOURCE=600 -I/usr/local/include conftest.c >&5
configure:42036:10: fatal error: zstd.h: No such file or directory
42036 |
      |          ^
compilation terminated.
configure:42058: $? = 1
configure: failed program was:
#line 42034 "configure"
#include "confdefs.h"

#include <zstd.h>

int
main (void)
{

    ZSTD_DStream *izsp = ZSTD_createDStream();
    ZSTD_inBuffer ib;
    ZSTD_outBuffer ob;
    ZSTD_initDStream(izsp);
    ZSTD_decompressStream(izsp, &ob, &ib);
    ZSTD_freeDStream(izsp);

  ;
  return 0;
}
configure:42413: WARNING: Cannot find zstd library
configure:42424: checking if you want to exclude FINGER code
configure:42441: result: no
configure:42448: checking if you want to exclude GOPHER code
configure:42465: result: no
configure:42472: checking if you want to exclude NEWS code
configure:42489: result: no
configure:42496: checking if you want to exclude FTP code
configure:42513: result: no
configure:42520: checking if you want to include WAIS code
configure:42537: result: no
configure:42798: checking if directory-editor code should be used
configure:42815: result: yes
configure:42825: checking if you wish to allow extracting from archives via DirEd
configure:42842: result: yes
configure:42845: checking if DirEd mode should override keys
configure:42869: result: yes
configure:42872: checking if you wish to allow permissions commands via DirEd
configure:42896: result: yes
configure:42899: checking if you wish to allow executable-permission commands via DirEd
configure:42916: result: yes
configure:42919: checking if you wish to allow "tar" commands from DirEd
configure:42943: result: yes
configure:42946: checking if you wish to allow "uudecode" commands from DirEd
configure:42970: result: yes
configure:42973: checking if you wish to allow "zip" and "unzip" commands from DirEd
configure:42997: result: yes
configure:43000: checking if you wish to allow "gzip" and "gunzip" commands from DirEd
configure:43024: result: yes
configure:43028: checking if you want long-directory listings
configure:43052: result: yes
configure:43055: checking if parent-directory references are permitted
configure:43072: result: yes
configure:43080: checking for telnet
configure:43111: result: no
configure:43080: checking for telnet
configure:43111: result: no
configure:43186: checking for tn3270
configure:43217: result: no
configure:43186: checking for tn3270
configure:43217: result: no
configure:43292: checking for rlogin
configure:43323: result: no
configure:43292: checking for rlogin
configure:43323: result: no
configure:43398: checking for mv
configure:43415: found /usr/bin/mv
configure:43426: result: /usr/bin/mv
configure:43486: testing defining path for /usr/bin/mv ...
configure:43504: checking for gzip
configure:43521: found /usr/bin/gzip
configure:43532: result: /usr/bin/gzip
configure:43592: testing defining path for /usr/bin/gzip ...
configure:43610: checking for gunzip
configure:43627: found /usr/bin/gunzip
configure:43638: result: /usr/bin/gunzip
configure:43698: testing defining path for /usr/bin/gunzip ...
configure:43716: checking for unzip
configure:43733: found /usr/bin/unzip
configure:43744: result: /usr/bin/unzip
configure:43804: testing defining path for /usr/bin/unzip ...
configure:43822: checking for bzip2
configure:43839: found /usr/bin/bzip2
configure:43850: result: /usr/bin/bzip2
configure:43910: testing defining path for /usr/bin/bzip2 ...
configure:43928: checking for brotli
configure:43959: result: no
configure:43928: checking for brotli
configure:43959: result: no
configure:44034: checking for zstd
configure:44065: result: no
configure:44034: checking for zstd
configure:44065: result: no
configure:44140: checking for tar
configure:44157: found /usr/bin/tar
configure:44168: result: /usr/bin/tar
configure:44228: testing defining path for /usr/bin/tar ...
configure:44286: checking for compress
configure:44317: result: no
configure:44286: checking for compress
configure:44317: result: no
configure:44392: checking for rm
configure:44409: found /usr/bin/rm
configure:44420: result: /usr/bin/rm
configure:44480: testing defining path for /usr/bin/rm ...
configure:44498: checking for uudecode
configure:44529: result: no
configure:44498: checking for uudecode
configure:44529: result: no
configure:44604: checking for zcat
configure:44621: found /usr/bin/zcat
configure:44632: result: /usr/bin/zcat
configure:44692: testing defining path for /usr/bin/zcat ...
configure:44710: checking for zip
configure:44727: found /usr/bin/zip
configure:44738: result: /usr/bin/zip
configure:44798: testing defining path for /usr/bin/zip ...
configure:44826: checking for /usr/bin/install
configure:44854: result: /usr/bin/install -c
configure:44914: testing defining path for /usr/bin/install ...
configure:48587: checking if we can include termio.h with curses
configure:48611: gcc -c -O2 -DLINUX -D_DEFAULT_SOURCE -D_XOPEN_SOURCE=600 -DHAVE_CONFIG_H -I. -I. -I./src -I./WWW/Library/Implementation conftest.c >&5
configure:48614: $? = 0
configure:48617: test -s conftest.o
configure:48620: $? = 0
configure:48633: result: yes
configure:48650: checking for ncurses/term.h
configure:48660: gcc -E -C -DLINUX -D_DEFAULT_SOURCE -D_XOPEN_SOURCE=600 conftest.c
configure:48657:10: fatal error: ncurses/term.h: No such file or directory
48657 | #include "confdefs.h"
      |          ^~~~~~~~~~~~
compilation terminated.
configure:48666: $? = 1
configure: failed program was:
#line 48656 "configure"
#include "confdefs.h"
#include <ncurses/term.h>
configure:48685: result: no
configure:48650: checking for term.h
configure:48660: gcc -E -C -DLINUX -D_DEFAULT_SOURCE -D_XOPEN_SOURCE=600 conftest.c
configure:48666: $? = 0
configure:48685: result: yes
configure:48697: checking if curses supports alternate-character set
configure:48720: gcc -o conftest -O2 -DLINUX -D_DEFAULT_SOURCE -D_XOPEN_SOURCE=600  conftest.c -lbrotlidec -lz -lbz2  -lncurses -ltinfo -lssl -lcrypto  >&5
configure:48723: $? = 0
configure:48726: test -s conftest
configure:48729: $? = 0
configure:48743: result: acs_map
configure:48750: checking if curses supports fancy attributes
configure:48775: gcc -o conftest -O2 -DLINUX -D_DEFAULT_SOURCE -D_XOPEN_SOURCE=600  conftest.c -lbrotlidec -lz -lbz2  -lncurses -ltinfo -lssl -lcrypto  >&5
configure:48778: $? = 0
configure:48781: test -s conftest
configure:48784: $? = 0
configure:48796: result: yes
configure:48803: checking for function curses_version
configure:48829: gcc -o conftest -O2 -DLINUX -D_DEFAULT_SOURCE -D_XOPEN_SOURCE=600  conftest.c -lbrotlidec -lz -lbz2  -lncurses -ltinfo -lssl -lcrypto  >&5
configure:48832: $? = 0
configure:48834: ./conftest
configure:48837: $? = 0
configure:48852: result: yes
configure:48860: checking for obsolete/broken version of ncurses
configure:48886: gcc -c -O2 -DLINUX -D_DEFAULT_SOURCE -D_XOPEN_SOURCE=600 conftest.c >&5
configure:48889: $? = 0
configure:48892: test -s conftest.o
configure:48895: $? = 0
configure:48907: result: no
configure:48920: checking if curses supports color attributes
configure:48948: gcc -o conftest -O2 -DLINUX -D_DEFAULT_SOURCE -D_XOPEN_SOURCE=600  conftest.c -lbrotlidec -lz -lbz2  -lncurses -ltinfo -lssl -lcrypto  >&5
configure:48951: $? = 0
configure:48954: test -s conftest
configure:48957: $? = 0
configure:48969: result: yes
configure:48993: checking for sgtty.h
configure:49003: gcc -E -C -DLINUX -D_DEFAULT_SOURCE -D_XOPEN_SOURCE=600 conftest.c
configure:49009: $? = 0
configure:49028: result: yes
configure:48993: checking for termio.h
configure:49028: result: yes
configure:48993: checking for termios.h
configure:49028: result: yes
configure:48993: checking for unistd.h
configure:49028: result: yes
configure:48993: checking for sys/ioctl.h
configure:49028: result: yes
configure:48993: checking for sys/termio.h
configure:49003: gcc -E -C -DLINUX -D_DEFAULT_SOURCE -D_XOPEN_SOURCE=600 conftest.c
configure:49000:10: fatal error: sys/termio.h: No such file or directory
49000 | #include "confdefs.h"
      |          ^~~~~~~~~~~~
compilation terminated.
configure:49009: $? = 1
configure: failed program was:
#line 48999 "configure"
#include "confdefs.h"
#include <sys/termio.h>
configure:49028: result: no
configure:49045: checking whether termios.h needs _POSIX_SOURCE
configure:49060: gcc -c -O2 -DLINUX -D_DEFAULT_SOURCE -D_XOPEN_SOURCE=600 conftest.c >&5
configure:49063: $? = 0
configure:49066: test -s conftest.o
configure:49069: $? = 0
configure:49116: result: no
configure:49121: checking declaration of size-change
configure:49192: gcc -c -O2 -DLINUX -D_DEFAULT_SOURCE -D_XOPEN_SOURCE=600 conftest.c >&5
configure:49195: $? = 0
configure:49198: test -s conftest.o
configure:49201: $? = 0
size-change succeeded ()
configure:49220: result: yes
configure:49238: checking if ttytype is declared in curses library
configure:49257: gcc -o conftest -O2 -DLINUX -D_DEFAULT_SOURCE -D_XOPEN_SOURCE=600  conftest.c -lbrotlidec -lz -lbz2  -lncurses -ltinfo -lssl -lcrypto  >&5
configure:49260: $? = 0
configure:49263: test -s conftest
configure:49266: $? = 0
configure:49278: result: yes
configure:49439: checking definition to turn on extended curses functions
configure:49480: gcc -o conftest -O2 -DLINUX -D_DEFAULT_SOURCE -D_XOPEN_SOURCE=600  conftest.c -lbrotlidec -lz -lbz2  -lncurses -ltinfo -lssl -lcrypto  >&5
configure: In function 'main':
configure:49494:2: error: #error prefer to fall-through on the second checks
49494 | cat "conftest.$ac_ext" >&5
      |  ^~~~~
configure:49483: $? = 1
configure: failed program was:
#line 49447 "configure"
#include "confdefs.h"

#include <stdio.h>
#if HAVE_SYS_TYPES_H
# include <sys/types.h>
#endif
#if HAVE_SYS_STAT_H
# include <sys/stat.h>
#endif
#if STDC_HEADERS
# include <stdlib.h>
# include <stddef.h>
#else
# if HAVE_STDLIB_H
#  include <stdlib.h>
# endif
#endif
#if HAVE_STRING_H
# if !STDC_HEADERS && HAVE_MEMORY_H
#  include <memory.h>
# endif
# include <string.h>
#endif
#if HAVE_STRINGS_H
# include <strings.h>
#endif
#if HAVE_INTTYPES_H
# include <inttypes.h>
#else
# if HAVE_STDINT_H
#  include <stdint.h>
# endif
#endif
#if HAVE_UNISTD_H
# include <unistd.h>
#endif
#include <curses.h>
int
main (void)
{

#if defined(NCURSES_VERSION_PATCH)
#if (NCURSES_VERSION_PATCH < 20100501) && (NCURSES_VERSION_PATCH >= 20100403)
	#error disallow ncurses versions between 2020/04/03 and 2010/05/01
#endif
#endif
#ifdef NCURSES_WIDECHAR
#error prefer to fall-through on the second checks
#endif
	static char dummy[10];
	cchar_t check;
	int check2 = curs_set((int)sizeof(check));
	long x = winnstr(stdscr, dummy, 5);
	int x1, y1;
	(void)check2;
	getbegyx(stdscr, y1, x1);
	(void)x;
	(void)y1;
	(void)x1;

  ;
  return 0;
}
configure:49525: gcc -o conftest -O2 -DLINUX -D_DEFAULT_SOURCE -D_XOPEN_SOURCE=600  conftest.c -lbrotlidec -lz -lbz2  -lncurses -ltinfo -lssl -lcrypto  >&5
configure:49528: $? = 0
configure:49531: test -s conftest
configure:49534: $? = 0
configure:49548: result: _XOPEN_SOURCE_EXTENDED
configure:49560: checking for term.h
configure:49665: result: term.h
configure:49692: checking for unctrl.h
configure:49727: gcc -c -O2 -DLINUX -D_DEFAULT_SOURCE -D_XOPEN_SOURCE=600 -D_XOPEN_SOURCE_EXTENDED conftest.c >&5
configure:49730: $? = 0
configure:49733: test -s conftest.o
configure:49736: $? = 0
configure:49749: result: unctrl.h
configure:49810: checking for assume_default_colors
configure:49813: testing assume_default_colors ...
configure:49855: gcc -o conftest -O2 -DLINUX -D_DEFAULT_SOURCE -D_XOPEN_SOURCE=600 -D_XOPEN_SOURCE_EXTENDED  conftest.c -lbrotlidec -lz -lbz2  -lncurses -ltinfo -lssl -lcrypto  >&5
configure:49858: $? = 0
configure:49861: test -s conftest
configure:49864: $? = 0
configure:49880: result: yes
configure:49810: checking for cbreak
configure:49813: testing cbreak ...
configure:49855: gcc -o conftest -O2 -DLINUX -D_DEFAULT_SOURCE -D_XOPEN_SOURCE=600 -D_XOPEN_SOURCE_EXTENDED  conftest.c -lbrotlidec -lz -lbz2  -lncurses -ltinfo -lssl -lcrypto  >&5
configure:49858: $? = 0
configure:49861: test -s conftest
configure:49864: $? = 0
configure:49880: result: yes
configure:49810: checking for define_key
configure:49813: testing define_key ...
configure:49855: gcc -o conftest -O2 -DLINUX -D_DEFAULT_SOURCE -D_XOPEN_SOURCE=600 -D_XOPEN_SOURCE_EXTENDED  conftest.c -lbrotlidec -lz -lbz2  -lncurses -ltinfo -lssl -lcrypto  >&5
configure:49858: $? = 0
configure:49861: test -s conftest
configure:49864: $? = 0
configure:49880: result: yes
configure:49810: checking for delscreen
configure:49813: testing delscreen ...
configure:49855: gcc -o conftest -O2 -DLINUX -D_DEFAULT_SOURCE -D_XOPEN_SOURCE=600 -D_XOPEN_SOURCE_EXTENDED  conftest.c -lbrotlidec -lz -lbz2  -lncurses -ltinfo -lssl -lcrypto  >&5
configure:49858: $? = 0
configure:49861: test -s conftest
configure:49864: $? = 0
configure:49880: result: yes
configure:49810: checking for getattrs
configure:49813: testing getattrs ...
configure:49855: gcc -o conftest -O2 -DLINUX -D_DEFAULT_SOURCE -D_XOPEN_SOURCE=600 -D_XOPEN_SOURCE_EXTENDED  conftest.c -lbrotlidec -lz -lbz2  -lncurses -ltinfo -lssl -lcrypto  >&5
configure:49858: $? = 0
configure:49861: test -s conftest
configure:49864: $? = 0
configure:49880: result: yes
configure:49810: checking for getbegx
configure:49813: testing getbegx ...
configure:49855: gcc -o conftest -O2 -DLINUX -D_DEFAULT_SOURCE -D_XOPEN_SOURCE=600 -D_XOPEN_SOURCE_EXTENDED  conftest.c -lbrotlidec -lz -lbz2  -lncurses -ltinfo -lssl -lcrypto  >&5
configure:49858: $? = 0
configure:49861: test -s conftest
configure:49864: $? = 0
configure:49880: result: yes
configure:49810: checking for getbegy
configure:49813: testing getbegy ...
configure:49855: gcc -o conftest -O2 -DLINUX -D_DEFAULT_SOURCE -D_XOPEN_SOURCE=600 -D_XOPEN_SOURCE_EXTENDED  conftest.c -lbrotlidec -lz -lbz2  -lncurses -ltinfo -lssl -lcrypto  >&5
configure:49858: $? = 0
configure:49861: test -s conftest
configure:49864: $? = 0
configure:49880: result: yes
configure:49810: checking for keypad
configure:49813: testing keypad ...
configure:49855: gcc -o conftest -O2 -DLINUX -D_DEFAULT_SOURCE -D_XOPEN_SOURCE=600 -D_XOPEN_SOURCE_EXTENDED  conftest.c -lbrotlidec -lz -lbz2  -lncurses -ltinfo -lssl -lcrypto  >&5
configure:49858: $? = 0
configure:49861: test -s conftest
configure:49864: $? = 0
configure:49880: result: yes
configure:49810: checking for napms
configure:49813: testing napms ...
configure:49855: gcc -o conftest -O2 -DLINUX -D_DEFAULT_SOURCE -D_XOPEN_SOURCE=600 -D_XOPEN_SOURCE_EXTENDED  conftest.c -lbrotlidec -lz -lbz2  -lncurses -ltinfo -lssl -lcrypto  >&5
configure:49858: $? = 0
configure:49861: test -s conftest
configure:49864: $? = 0
configure:49880: result: yes
configure:49810: checking for newpad
configure:49813: testing newpad ...
configure:49855: gcc -o conftest -O2 -DLINUX -D_DEFAULT_SOURCE -D_XOPEN_SOURCE=600 -D_XOPEN_SOURCE_EXTENDED  conftest.c -lbrotlidec -lz -lbz2  -lncurses -ltinfo -lssl -lcrypto  >&5
configure:49858: $? = 0
configure:49861: test -s conftest
configure:49864: $? = 0
configure:49880: result: yes
configure:49810: checking for newterm
configure:49813: testing newterm ...
configure:49855: gcc -o conftest -O2 -DLINUX -D_DEFAULT_SOURCE -D_XOPEN_SOURCE=600 -D_XOPEN_SOURCE_EXTENDED  conftest.c -lbrotlidec -lz -lbz2  -lncurses -ltinfo -lssl -lcrypto  >&5
configure:49858: $? = 0
configure:49861: test -s conftest
configure:49864: $? = 0
configure:49880: result: yes
configure:49810: checking for pnoutrefresh
configure:49813: testing pnoutrefresh ...
configure:49855: gcc -o conftest -O2 -DLINUX -D_DEFAULT_SOURCE -D_XOPEN_SOURCE=600 -D_XOPEN_SOURCE_EXTENDED  conftest.c -lbrotlidec -lz -lbz2  -lncurses -ltinfo -lssl -lcrypto  >&5
configure:49858: $? = 0
configure:49861: test -s conftest
configure:49864: $? = 0
configure:49880: result: yes
configure:49810: checking for resizeterm
configure:49813: testing resizeterm ...
configure:49855: gcc -o conftest -O2 -DLINUX -D_DEFAULT_SOURCE -D_XOPEN_SOURCE=600 -D_XOPEN_SOURCE_EXTENDED  conftest.c -lbrotlidec -lz -lbz2  -lncurses -ltinfo -lssl -lcrypto  >&5
configure:49858: $? = 0
configure:49861: test -s conftest
configure:49864: $? = 0
configure:49880: result: yes
configure:49810: checking for touchline
configure:49813: testing touchline ...
configure:49855: gcc -o conftest -O2 -DLINUX -D_DEFAULT_SOURCE -D_XOPEN_SOURCE=600 -D_XOPEN_SOURCE_EXTENDED  conftest.c -lbrotlidec -lz -lbz2  -lncurses -ltinfo -lssl -lcrypto  >&5
configure:49858: $? = 0
configure:49861: test -s conftest
configure:49864: $? = 0
configure:49880: result: yes
configure:49810: checking for touchwin
configure:49813: testing touchwin ...
configure:49855: gcc -o conftest -O2 -DLINUX -D_DEFAULT_SOURCE -D_XOPEN_SOURCE=600 -D_XOPEN_SOURCE_EXTENDED  conftest.c -lbrotlidec -lz -lbz2  -lncurses -ltinfo -lssl -lcrypto  >&5
configure:49858: $? = 0
configure:49861: test -s conftest
configure:49864: $? = 0
configure:49880: result: yes
configure:49810: checking for use_default_colors
configure:49813: testing use_default_colors ...
configure:49855: gcc -o conftest -O2 -DLINUX -D_DEFAULT_SOURCE -D_XOPEN_SOURCE=600 -D_XOPEN_SOURCE_EXTENDED  conftest.c -lbrotlidec -lz -lbz2  -lncurses -ltinfo -lssl -lcrypto  >&5
configure:49858: $? = 0
configure:49861: test -s conftest
configure:49864: $? = 0
configure:49880: result: yes
configure:49810: checking for use_legacy_coding
configure:49813: testing use_legacy_coding ...
configure:49855: gcc -o conftest -O2 -DLINUX -D_DEFAULT_SOURCE -D_XOPEN_SOURCE=600 -D_XOPEN_SOURCE_EXTENDED  conftest.c -lbrotlidec -lz -lbz2  -lncurses -ltinfo -lssl -lcrypto  >&5
configure:49858: $? = 0
configure:49861: test -s conftest
configure:49864: $? = 0
configure:49880: result: yes
configure:49810: checking for wattr_get
configure:49813: testing wattr_get ...
configure:49855: gcc -o conftest -O2 -DLINUX -D_DEFAULT_SOURCE -D_XOPEN_SOURCE=600 -D_XOPEN_SOURCE_EXTENDED  conftest.c -lbrotlidec -lz -lbz2  -lncurses -ltinfo -lssl -lcrypto  >&5
configure:49858: $? = 0
configure:49861: test -s conftest
configure:49864: $? = 0
configure:49880: result: yes
configure:49810: checking for wborder
configure:49813: testing wborder ...
configure:49855: gcc -o conftest -O2 -DLINUX -D_DEFAULT_SOURCE -D_XOPEN_SOURCE=600 -D_XOPEN_SOURCE_EXTENDED  conftest.c -lbrotlidec -lz -lbz2  -lncurses -ltinfo -lssl -lcrypto  >&5
configure:49858: $? = 0
configure:49861: test -s conftest
configure:49864: $? = 0
configure:49880: result: yes
configure:49810: checking for wredrawln
configure:49813: testing wredrawln ...
configure:49855: gcc -o conftest -O2 -DLINUX -D_DEFAULT_SOURCE -D_XOPEN_SOURCE=600 -D_XOPEN_SOURCE_EXTENDED  conftest.c -lbrotlidec -lz -lbz2  -lncurses -ltinfo -lssl -lcrypto  >&5
configure:49858: $? = 0
configure:49861: test -s conftest
configure:49864: $? = 0
configure:49880: result: yes
configure:49810: checking for wresize
configure:49813: testing wresize ...
configure:49855: gcc -o conftest -O2 -DLINUX -D_DEFAULT_SOURCE -D_XOPEN_SOURCE=600 -D_XOPEN_SOURCE_EXTENDED  conftest.c -lbrotlidec -lz -lbz2  -lncurses -ltinfo -lssl -lcrypto  >&5
configure:49858: $? = 0
configure:49861: test -s conftest
configure:49864: $? = 0
configure:49880: result: yes
configure:49897: checking for curses_exit
configure:49934: gcc -o conftest -O2 -DLINUX -D_DEFAULT_SOURCE -D_XOPEN_SOURCE=600 -D_XOPEN_SOURCE_EXTENDED  conftest.c -lbrotlidec -lz -lbz2  -lncurses -ltinfo -lssl -lcrypto  >&5
/usr/bin/ld: /tmp/cceJqcWn.o: in function `main':
conftest.c:(.text.startup+0x9): undefined reference to `curses_exit'
collect2: error: ld returned 1 exit status
configure:49937: $? = 1
configure: failed program was:
#line 49903 "configure"
#include "confdefs.h"
#define curses_exit autoconf_temporary
#include <limits.h>	/* least-intrusive standard header which defines gcc2 __stub macros */
#undef curses_exit

#ifdef __cplusplus
extern "C"
#endif

/* We use char because int might match the return type of a gcc2
   builtin and then its argument prototype would still apply.  */
char curses_exit (void);

int
main (void)
{

/* The GNU C library defines stubs for functions which it implements
    to always fail with ENOSYS.  Some functions are actually named
    something starting with __ and the normal name is an alias.  */
#if defined (__stub_curses_exit) || defined (__stub___curses_exit)
#error found stub for curses_exit
#endif

	return curses_exit ();
  ;
  return 0;
}
configure:49953: result: no
configure:49897: checking for _nc_free_and_exit
configure:49934: gcc -o conftest -O2 -DLINUX -D_DEFAULT_SOURCE -D_XOPEN_SOURCE=600 -D_XOPEN_SOURCE_EXTENDED  conftest.c -lbrotlidec -lz -lbz2  -lncurses -ltinfo -lssl -lcrypto  >&5
configure:49937: $? = 0
configure:49940: test -s conftest
configure:49943: $? = 0
configure:49953: result: yes
configure:49897: checking for _nc_freeall
configure:49934: gcc -o conftest -O2 -DLINUX -D_DEFAULT_SOURCE -D_XOPEN_SOURCE=600 -D_XOPEN_SOURCE_EXTENDED  conftest.c -lbrotlidec -lz -lbz2  -lncurses -ltinfo -lssl -lcrypto  >&5
configure:49937: $? = 0
configure:49940: test -s conftest
configure:49943: $? = 0
configure:49953: result: yes
configure:49993: checking if rpath-hack should be disabled
configure:50011: result: no
configure:50016: checking for updated LDFLAGS
configure:50019: result: maybe
configure:50026: checking for ldd
configure:50041: found /usr/bin/ldd
configure:50049: result: ldd
configure:50078: gcc -o conftest -O2 -DLINUX -D_DEFAULT_SOURCE -D_XOPEN_SOURCE=600 -D_XOPEN_SOURCE_EXTENDED  conftest.c -lbrotlidec -lz -lbz2  -lncurses -ltinfo -lssl -lcrypto  >&5
configure:50081: $? = 0
configure:50084: test -s conftest
configure:50087: $? = 0
configure:50127: testing ...checking EXTRA_LDFLAGS  ...
configure:50131: testing ...checking LDFLAGS  ...
configure:50181: testing ...checked LDFLAGS  ...
configure:50185: testing ...checking LIBS -lbrotlidec -lz -lbz2  -lncurses -ltinfo -lssl -lcrypto  ...
configure:50235: testing ...checked LIBS  -lbrotlidec -lz -lbz2 -lncurses -ltinfo -lssl -lcrypto ...
configure:50239: testing ...checked EXTRA_LDFLAGS  ...
configure:50377: creating ./config.status

## ----------------------- ##
## Running config.status.  ##
## ----------------------- ##

This file was extended by config.status (lynx 2.9.3) 2.52.20260412, executed with
  CONFIG_FILES    =
  CONFIG_HEADERS  =
  CONFIG_LINKS    =
  CONFIG_COMMANDS =
  > "./config.status "
on devbox

config.status:50997: creating makefile
config.status:50997: creating WWW/Library/Implementation/makefile
config.status:50997: creating src/makefile
config.status:50997: creating src/chrtrans/makefile
config.status:51158: creating lynx_cfg.h

## ----------------- ##
## Cache variables.  ##
## ----------------- ##

ac_cv_build='x86_64-pc-linux-gnu'
ac_cv_build_alias='x86_64-pc-linux-gnu'
ac_cv_c_compiler_gnu='yes'
ac_cv_c_inline='inline'
ac_cv_env_CC_set=''
ac_cv_env_CC_value=''
ac_cv_env_CFLAGS_set=''
ac_cv_env_CFLAGS_value=''
ac_cv_env_CPPFLAGS_set=''
ac_cv_env_CPPFLAGS_value=''
ac_cv_env_CPP_set=''
ac_cv_env_CPP_value=''
ac_cv_env_LDFLAGS_set=''
ac_cv_env_LDFLAGS_value=''
ac_cv_env_build_alias_set=''
ac_cv_env_build_alias_value=''
ac_cv_env_host_alias_set=''
ac_cv_env_host_alias_value=''
ac_cv_env_target_alias_set=''
ac_cv_env_target_alias_value=''
ac_cv_func_SSL_clear_options='yes'
ac_cv_func__nc_free_and_exit='yes'
ac_cv_func__nc_freeall='yes'
ac_cv_func_alloca_works='yes'
ac_cv_func_arc4random='yes'
ac_cv_func_atoll='yes'
ac_cv_func_ctermid='yes'
ac_cv_func_curses_exit='no'
ac_cv_func_cuserid='yes'
ac_cv_func_decl_getgrgid='yes'
ac_cv_func_decl_getgrnam='yes'
ac_cv_func_decl_sleep='yes'
ac_cv_func_decl_strstr='yes'
ac_cv_func_fork='yes'
ac_cv_func_fork_works='yes'
ac_cv_func_fseeko='yes'
ac_cv_func_ftime='yes'
ac_cv_func_getcwd='yes'
ac_cv_func_getgroups='yes'
ac_cv_func_gethostbyname='yes'
ac_cv_func_gethostname='yes'
ac_cv_func_getpwuid='yes'
ac_cv_func_gettimeofday='yes'
ac_cv_func_getuid='yes'
ac_cv_func_inet_ntoa='yes'
ac_cv_func_lstat='yes'
ac_cv_func_mkdtemp='yes'
ac_cv_func_mktime='yes'
ac_cv_func_popen='yes'
ac_cv_func_putenv='yes'
ac_cv_func_readdir='yes'
ac_cv_func_setuid='yes'
ac_cv_func_sleep='yes'
ac_cv_func_socket='yes'
ac_cv_func_strcasecmp='yes'
ac_cv_func_strerror='yes'
ac_cv_func_strstr='yes'
ac_cv_func_truncate='yes'
ac_cv_func_ttyname='yes'
ac_cv_func_unsetenv='yes'
ac_cv_func_usleep='yes'
ac_cv_func_vasprintf='yes'
ac_cv_func_vfork='yes'
ac_cv_func_vfork_works='yes'
ac_cv_func_waitpid='yes'
ac_cv_func_wcwidth='yes'
ac_cv_func_zError='yes'
ac_cv_have_decl_exit='yes'
ac_cv_header_arpa_inet_h='yes'
ac_cv_header_dirent_dirent_h='yes'
ac_cv_header_fcntl_h='yes'
ac_cv_header_inttypes_h='yes'
ac_cv_header_lastlog_h='yes'
ac_cv_header_limits_h='yes'
ac_cv_header_memory_h='yes'
ac_cv_header_ncurses_term_h='no'
ac_cv_header_paths_h='yes'
ac_cv_header_pwd_h='yes'
ac_cv_header_sgtty_h='yes'
ac_cv_header_stdc='yes'
ac_cv_header_stdint_h='yes'
ac_cv_header_stdlib_h='yes'
ac_cv_header_string_h='yes'
ac_cv_header_strings_h='yes'
ac_cv_header_sys_fcntl_h='yes'
ac_cv_header_sys_filio_h='no'
ac_cv_header_sys_ioctl_h='yes'
ac_cv_header_sys_param_h='yes'
ac_cv_header_sys_stat_h='yes'
ac_cv_header_sys_termio_h='no'
ac_cv_header_sys_time_h='yes'
ac_cv_header_sys_timeb_h='yes'
ac_cv_header_sys_types_h='yes'
ac_cv_header_sys_wait_h='yes'
ac_cv_header_syslog_h='yes'
ac_cv_header_term_h='yes'
ac_cv_header_termio_h='yes'
ac_cv_header_termios_h='yes'
ac_cv_header_time='yes'
ac_cv_header_unistd_h='yes'
ac_cv_header_vfork_h='no'
ac_cv_header_wchar_h='yes'
ac_cv_host='x86_64-pc-linux-gnu'
ac_cv_host_alias='x86_64-pc-linux-gnu'
ac_cv_lib_dir_opendir='no'
ac_cv_lib_inet_inet_ntoa='no'
ac_cv_objext='o'
ac_cv_path_BZIP2='/usr/bin/bzip2'
ac_cv_path_EGREP='grep -E'
ac_cv_path_FGREP='grep -F'
ac_cv_path_GROFF_PATH='no'
ac_cv_path_GZIP='/usr/bin/gzip'
ac_cv_path_INSTALL='/usr/bin/install -c'
ac_cv_path_MSGINIT=':'
ac_cv_path_MV='/usr/bin/mv'
ac_cv_path_RM='/usr/bin/rm'
ac_cv_path_TAR='/usr/bin/tar'
ac_cv_path_TBL_PATH='cat'
ac_cv_path_UNCOMPRESS='/usr/bin/gunzip'
ac_cv_path_UNZIP='/usr/bin/unzip'
ac_cv_path_ZCAT='/usr/bin/zcat'
ac_cv_path_ZIP='/usr/bin/zip'
ac_cv_path_ac_pt_PKG_CONFIG='/usr/bin/pkg-config'
ac_cv_path_ac_pt_WINDRES='none'
ac_cv_path_cf_man2html='no'
ac_cv_path_install='/usr/bin/install -c'
ac_cv_prog_CPP='gcc -E'
ac_cv_prog_GREP='grep'
ac_cv_prog_LINT='lint'
ac_cv_prog_MAKE_LOWER_TAGS='no'
ac_cv_prog_MAKE_UPPER_TAGS='no'
ac_cv_prog_ac_ct_AR='ar'
ac_cv_prog_ac_ct_CC='gcc'
ac_cv_prog_ac_ct_RANLIB='ranlib'
ac_cv_prog_cc_g='yes'
ac_cv_prog_cc_stdc=''
ac_cv_prog_cf_ldd_prog='ldd'
ac_cv_prog_make_make_set='yes'
ac_cv_sizeof_int='4'
ac_cv_sizeof_long='8'
ac_cv_sizeof_off_t='8'
ac_cv_sizeof_size_t='8'
ac_cv_sizeof_struct_sockaddr='16'
ac_cv_sizeof_struct_sockaddr_in='16'
ac_cv_sizeof_time_t='8'
ac_cv_sys_file_offset_bits='no'
ac_cv_sys_large_files='no'
ac_cv_sys_largefile_CC='no'
ac_cv_sys_largefile_source='no'
ac_cv_target='x86_64-pc-linux-gnu'
ac_cv_target_alias='x86_64-pc-linux-gnu'
ac_cv_type_getgroups='gid_t'
ac_cv_type_int='yes'
ac_cv_type_intptr_t='yes'
ac_cv_type_long='yes'
ac_cv_type_mode_t='yes'
ac_cv_type_off_t='yes'
ac_cv_type_pid_t='yes'
ac_cv_type_size_t='yes'
ac_cv_type_socklen_t='yes'
ac_cv_type_ssize_t='yes'
ac_cv_type_struct_sockaddr='yes'
ac_cv_type_struct_sockaddr_in='yes'
ac_cv_type_time_t='yes'
ac_cv_type_uid_t='yes'
ac_cv_working_alloca_h='yes'
am_cv_func_iconv='yes'
am_cv_langinfo_codeset='yes'
am_cv_proto_iconv_arg1='/* nothing */'
am_cv_proto_iconv_const='no'
cf_cv_SYSTEM_MAIL='unknown'
cf_cv_alt_char_set='acs_map'
cf_cv_ar_flags='-curvU'
cf_cv_baddef_remove='no'
cf_cv_bool_defs='yes'
cf_cv_c11_noreturn='no,'
cf_cv_chtype_decl='yes'
cf_cv_chtype_type='scalar'
cf_cv_color_curses='yes'
cf_cv_curses_dir='no'
cf_cv_dcl_errno='yes'
cf_cv_define_sigwinch='yes'
cf_cv_fancy_curses='yes'
cf_cv_find_linkage_brotlidec='yes'
cf_cv_find_linkage_bz2='yes'
cf_cv_find_linkage_iconv='yes'
cf_cv_find_linkage_idn='no'
cf_cv_find_linkage_idn2='no'
cf_cv_find_linkage_z='yes'
cf_cv_find_linkage_zstd='no'
cf_cv_fionbio='ioctl'
cf_cv_func_assume_default_colors='yes'
cf_cv_func_cbreak='yes'
cf_cv_func_curses_version='yes'
cf_cv_func_define_key='yes'
cf_cv_func_delscreen='yes'
cf_cv_func_getattrs='yes'
cf_cv_func_getbegx='yes'
cf_cv_func_getbegy='yes'
cf_cv_func_keypad='yes'
cf_cv_func_napms='yes'
cf_cv_func_newpad='yes'
cf_cv_func_newterm='yes'
cf_cv_func_pnoutrefresh='yes'
cf_cv_func_resizeterm='yes'
cf_cv_func_sigaction='yes'
cf_cv_func_touchline='yes'
cf_cv_func_touchwin='yes'
cf_cv_func_use_default_colors='yes'
cf_cv_func_use_legacy_coding='yes'
cf_cv_func_wattr_get='yes'
cf_cv_func_wborder='yes'
cf_cv_func_wredrawln='yes'
cf_cv_func_wresize='yes'
cf_cv_gnu_dftsrc_219='yes'
cf_cv_gnu_library='yes'
cf_cv_gnu_library_219='yes'
cf_cv_have_errno='no'
cf_cv_have_h_errno='no'
cf_cv_have_inet_aton='yes'
cf_cv_have_ssl='yes'
cf_cv_have_ttytype='yes'
cf_cv_have_utmp='utmp'
cf_cv_have_utmp_ut_host='yes'
cf_cv_have_utmp_ut_name='ut_name'
cf_cv_have_utmp_ut_session='yes'
cf_cv_have_utmp_ut_syslen='no'
cf_cv_have_utmp_ut_xstatus='ut_exit.e_exit'
cf_cv_have_utmp_ut_xtime='yes'
cf_cv_header_path_brotlidec='/usr/include'
cf_cv_header_path_bz2='/usr/include'
cf_cv_header_path_iconv='/usr/include'
cf_cv_header_path_idn='/usr/local/include'
cf_cv_header_path_idn2='/usr/local/include'
cf_cv_header_path_ssl='/usr/include/openssl'
cf_cv_header_path_z='/usr/include'
cf_cv_header_path_zstd='/usr/local/include'
cf_cv_library_file_brotlidec='-lbrotlidec'
cf_cv_library_file_bz2='-lbz2'
cf_cv_library_file_z='-lz'
cf_cv_library_path_brotlidec='/usr/lib'
cf_cv_library_path_bz2='/usr/lib'
cf_cv_library_path_iconv='/usr/lib'
cf_cv_library_path_idn=''
cf_cv_library_path_idn2=''
cf_cv_library_path_ssl='/usr/lib'
cf_cv_library_path_z='/usr/lib'
cf_cv_library_path_zstd=''
cf_cv_locale='yes'
cf_cv_make_PHONY='yes'
cf_cv_mixedcase='yes'
cf_cv_ncurses_broken='no'
cf_cv_need_xopen_extension='_XOPEN_SOURCE_EXTENDED'
cf_cv_netlibs=''
cf_cv_ngroups='yes'
cf_cv_path_lastlog='_PATH_LASTLOG'
cf_cv_pkg_config_ssl='yes'
cf_cv_pkg_ssl='openssl'
cf_cv_posix_visible='no'
cf_cv_prog_cpp_comments='yes'
cf_cv_pw_gecos='yes'
cf_cv_rand_max='0xFFFFFFFFUL'
cf_cv_screen='ncurses'
cf_cv_set_errno='yes'
cf_cv_sizechange='yes'
cf_cv_sockaddr_len='yes'
cf_cv_socks_lib='no'
cf_cv_srand_func='arc4random_stir/arc4random'
cf_cv_struct_dirent64='no'
cf_cv_system_mail_flags='-t -oi'
cf_cv_system_name='linux-gnu'
cf_cv_sysv_utmp='yes'
cf_cv_term_header='term.h'
cf_cv_termio_and_curses='yes'
cf_cv_termio_and_termios='yes'
cf_cv_tm_gmtoff='yes'
cf_cv_type_long_long='yes'
cf_cv_type_unionwait='no'
cf_cv_unctrl_header='unctrl.h'
cf_cv_use_libgnutls='no'
cf_cv_use_libsocks='no'
cf_cv_use_libsocks5='no'
cf_cv_use_libssl='yes'
nls_cv_header_intl=''
nls_cv_header_libgt=''

## ------------ ##
## confdefs.h.  ##
## ------------ ##

#define SYSTEM_NAME "linux-gnu"
#define SYSTEM_NAME "linux-gnu"
#define MIXEDCASE_FILENAMES 1
#define UNIX 1
#define HAVE_FSEEKO 1
#define STDC_HEADERS 1
#define HAVE_SYS_TYPES_H 1
#define HAVE_SYS_STAT_H 1
#define HAVE_STDLIB_H 1
#define HAVE_STRING_H 1
#define HAVE_MEMORY_H 1
#define HAVE_STRINGS_H 1
#define HAVE_INTTYPES_H 1
#define HAVE_STDINT_H 1
#define HAVE_UNISTD_H 1
#define HAVE_ICONV 1
#define ICONV_CONST /* nothing */
#define HAVE_LANGINFO_CODESET 1
#define SYSTEM_MAIL "unknown"
#define SYSTEM_MAIL_FLAGS "-t -oi"
#define HAVE_GETHOSTNAME 1
#define HAVE_SOCKET 1
#define HAVE_GETHOSTBYNAME 1
#define HAVE_INET_NTOA 1
#define HAVE_GETHOSTBYNAME 1
#define HAVE_STRCASECMP 1
#define HAVE_INET_ATON 1
#define USE_SSL 1
#define USE_OPENSSL_INCL 1
#define HAVE_SSL_CLEAR_OPTIONS 1
#define USE_X509_SUPPORT 1
#define NCURSES 1
#define HAVE_TERM_H 1
#define HAVE_TYPE_CHTYPE 1
#define TYPE_CHTYPE_IS_SCALAR 1
#define USE_COLOR_STYLE 1
#define LYNX_LSS_FILE "/usr/local/etc/lynx.lss"
#define LYNX_CFG_FILE "/usr/local/etc/lynx.cfg"
#define LYNX_CFG_PATH "/usr/local/etc"
#define MIME_LIBDIR "/etc/"
#define USE_LOCALE_CHARSET 1
#define DEFAULT_LOCALE_CHARSET FALSE
#define TIME_WITH_SYS_TIME 1
#define HAVE_DIRENT_H 1
#define HAVE_ARPA_INET_H 1
#define HAVE_FCNTL_H 1
#define HAVE_LIMITS_H 1
#define HAVE_SYS_FCNTL_H 1
#define HAVE_SYS_IOCTL_H 1
#define HAVE_SYS_PARAM_H 1
#define HAVE_SYS_TIMEB_H 1
#define HAVE_SYS_TIME_H 1
#define HAVE_SYSLOG_H 1
#define HAVE_TERMIO_H 1
#define HAVE_TERMIOS_H 1
#define HAVE_WCHAR_H 1
#define HAVE_SIGACTION 1
#define HAVE_SYS_WAIT_H 1
#define GETGROUPS_T gid_t
#define HAVE_LONG_LONG 1
#define SIZEOF_INT 4
#define SIZEOF_LONG 8
#define SIZEOF_OFF_T 8
#define SIZEOF_SIZE_T 8
#define SIZEOF_TIME_T 8
#define SIZEOF_STRUCT_SOCKADDR_IN 16
#define SIZEOF_STRUCT_SOCKADDR 16
#define SOCKADDR_LEN_INET 1
#define HAVE_ALLOCA_H 1
#define HAVE_ALLOCA 1
#define HAVE_UNISTD_H 1
#define HAVE_FORK 1
#define HAVE_VFORK 1
#define HAVE_WORKING_VFORK 1
#define HAVE_WORKING_FORK 1
#define HAVE_LSTAT 1
#define HAVE_PWD_H 1
#define HAVE_GETPWUID 1
#define HAVE_VASPRINTF 1
#define HAVE_ATOLL 1
#define HAVE_CTERMID 1
#define HAVE_CUSERID 1
#define HAVE_FTIME 1
#define HAVE_GETCWD 1
#define HAVE_GETGROUPS 1
#define HAVE_GETTIMEOFDAY 1
#define HAVE_GETUID 1
#define HAVE_POPEN 1
#define HAVE_PUTENV 1
#define HAVE_READDIR 1
#define HAVE_SETUID 1
#define HAVE_TRUNCATE 1
#define HAVE_TTYNAME 1
#define HAVE_UNSETENV 1
#define HAVE_SLEEP 1
#define HAVE_USLEEP 1
#define HAVE_WAITPID 1
#define HAVE_MKDTEMP 1
#define HAVE_MKTIME 1
#define HAVE_STRSTR 1
#define HAVE_WCWIDTH 1
#define HAVE_LIMITS_H 1
#define lynx_srand (void)
#define lynx_rand arc4random
#define LYNX_RAND_MAX 0xFFFFFFFFUL
#define CAN_SET_ERRNO 1
#define LOCALE 1
#define HAVE_SYS_PARAM_H 1
#define HAVE_LIMITS_H 1
#define HAVE_STRERROR 1
#define HAVE_LASTLOG_H 1
#define HAVE_PATHS_H 1
#define USE_LASTLOG 1
#define HAVE_UTMP 1
#define HAVE_UTMP_UT_HOST 1
#define HAVE_UTMP_UT_XSTATUS 1
#define ut_xstatus ut_exit.e_exit
#define HAVE_UTMP_UT_XTIME 1
#define HAVE_UTMP_UT_SESSION 1
#define USE_SYSV_UTMP 1
#define USE_SESSIONS 1
#define USE_CACHEJAR 1
#define USE_ADDRLIST_PAGE 1
#define CJK_EX 1
#define HAVE_ICONV 1
#define ICONV_CONST /* nothing */
#define EXP_CHINESEUTF8_SUPPORT 1
#define USE_JAPANESEUTF8_SUPPORT 1
#define USE_DEFAULT_COLORS 1
#define EXP_NESTED_TABLES 1
#define USE_ALT_BINDINGS 1
#define USE_ASCII_CTYPES 1
#define USE_FILE_UPLOAD 1
#define USE_JUSTIFY_ELTS 1
#define DISP_PARTIAL 1
#define USE_PERSISTENT_COOKIES 1
#define USE_PRETTYSRC 1
#define USE_PROGRESSBAR 1
#define USE_READPROGRESS 1
#define USE_SOURCE_CACHE 1
#define UNDERLINE_LINKS 0
#define USE_BZLIB 1
#define HAVE_ZERROR 1
#define USE_ZLIB 1
#define USE_BROTLI 1
#define DIRED_SUPPORT 1
#define OK_OVERRIDE 1
#define OK_PERMIT 1
#define OK_TAR 1
#define OK_UUDECODE 1
#define OK_ZIP 1
#define OK_GZIP 1
#define LONG_LIST 1
#define MV_PATH "/usr/bin/mv"
#define GZIP_PATH "/usr/bin/gzip"
#define UNCOMPRESS_PATH "/usr/bin/gunzip"
#define UNZIP_PATH "/usr/bin/unzip"
#define BZIP2_PATH "/usr/bin/bzip2"
#define TAR_PATH "/usr/bin/tar"
#define TAR_UP_OPTIONS "-cf"
#define TAR_DOWN_OPTIONS "-xf"
#define TAR_FILE_OPTIONS ""
#define TAR_PIPE_OPTIONS "-"
#define RM_PATH "/usr/bin/rm"
#define ZCAT_PATH "/usr/bin/zcat"
#define ZIP_PATH "/usr/bin/zip"
#define INSTALL_PATH "/usr/bin/install"
#define INSTALL_ARGS "-c"
#define TERMIO_AND_CURSES 1
#define HAVE_TERM_H 1
#define ALT_CHAR_SET acs_map
#define FANCY_CURSES 1
#define HAVE_CURSES_VERSION 1
#define COLOR_CURSES 1
#define HAVE_GETBKGD 1
#define HAVE_SGTTY_H 1
#define HAVE_TERMIO_H 1
#define HAVE_TERMIOS_H 1
#define HAVE_UNISTD_H 1
#define HAVE_SYS_IOCTL_H 1
#define HAVE_SIZECHANGE 1
#define HAVE_TTYTYPE 1
#define HAVE_TERM_H 1
#define HAVE_UNCTRL_H 1
#define HAVE_ASSUME_DEFAULT_COLORS 1
#define HAVE_CBREAK 1
#define HAVE_DEFINE_KEY 1
#define HAVE_DELSCREEN 1
#define HAVE_GETATTRS 1
#define HAVE_GETBEGX 1
#define HAVE_GETBEGY 1
#define HAVE_KEYPAD 1
#define HAVE_NAPMS 1
#define HAVE_NEWPAD 1
#define HAVE_NEWTERM 1
#define HAVE_PNOUTREFRESH 1
#define HAVE_RESIZETERM 1
#define HAVE_TOUCHLINE 1
#define HAVE_TOUCHWIN 1
#define HAVE_USE_DEFAULT_COLORS 1
#define HAVE_USE_LEGACY_CODING 1
#define HAVE_WATTR_GET 1
#define HAVE_WBORDER 1
#define HAVE_WREDRAWLN 1
#define HAVE_WRESIZE 1
#define HAVE__NC_FREE_AND_EXIT 1
#define HAVE__NC_FREEALL 1
#define USE_SCROLLBAR 1
#define HOMEPAGE_URL "https://lynx.invisible-island.net/"


configure: exit 0
